Customer Reference ID,Item Purchased,Purchased Quantity,Date Purchase,Review Rating,Payment Method,Region
4025,jeans,2000,2025-01-13,1.5,Cash,East Coast
4071,shirt,1600,2025-01-13,3.9,Credit Card,East Coast
4025,jeans,2000,2025-01-13,1.5,Cash,West Coast
4071,shirt,1600,2025-01-13,3.9,Credit Card,West Coast
3957,jeans,2800,2025-01-14,2.1,Cash,East Coast
3965,shirt,1500,2025-01-14,1.6,Cash,East Coast
3957,jeans,2800,2025-01-14,2.1,Cash,West Coast
3965,shirt,1500,2025-01-14,1.6,Cash,West Coast
3963,jeans,1700,2025-01-15,5.0,Credit Card,East Coast
3966,shirt,2500,2025-01-15,4.2,Credit Card,East Coast
3963,jeans,1700,2025-01-15,3.0,Credit Card,West Coast
3966,shirt,2500,2025-01-15,4.2,Credit Card,West Coast
4008,jeans,2700,2025-01-16,4.9,Cash,East Coast
4076,shirt,2700,2025-01-16,3.2,Credit Card,East Coast
4008,jeans,2700,2025-01-16,4.9,Cash,West Coast
4076,shirt,2700,2025-01-16,3.2,Credit Card,West Coast
4093,jeans,1100,2025-01-17,3.2,Cash,East Coast
3967,shirt,500,2025-01-17,4.1,Credit Card,East Coast
4093,jeans,1100,2025-01-17,3.2,Cash,West Coast
3967,shirt,500,2025-01-17,4.1,Credit Card,West Coast
4088,jeans,2100,2025-01-18,2.8,Credit Card,East Coast
3961,shirt,300,2025-01-18,1.2,Cash,East Coast
4088,jeans,2100,2025-01-18,2.8,Credit Card,West Coast
3961,shirt,300,2025-01-18,1.2,Cash,West Coast
4075,jeans,2800,2025-01-19,2.3,Credit Card,East Coast
4032,shirt,1600,2025-01-19,4.8,Credit Card,East Coast
4075,jeans,2800,2025-01-19,2.3,Credit Card,West Coast
4032,shirt,1600,2025-01-19,4.8,Credit Card,West Coast
3992,jeans,2100,2025-01-20,4.1,Credit Card,East Coast
4024,shirt,800,2025-01-20,2.6,Credit Card,East Coast
3992,jeans,2100,2025-01-20,4.1,Credit Card,West Coast
4024,shirt,800,2025-01-20,2.6,Credit Card,West Coast
4036,jeans,2600,2025-01-21,4.1,Credit Card,East Coast
4097,shirt,1400,2025-01-21,3.4,Cash,East Coast
4036,jeans,2600,2025-01-21,4.1,Credit Card,West Coast
4097,shirt,1400,2025-01-21,3.4,Cash,West Coast
4094,jeans,2000,2025-01-22,4.5,Cash,East Coast
4110,shirt,2200,2025-01-22,4.2,Credit Card,East Coast
4094,jeans,2000,2025-01-22,4.5,Cash,West Coast
4110,shirt,2200,2025-01-22,4.2,Credit Card,West Coast
4025,jeans,1600,2025-01-23,2.9,Credit Card,East Coast
3986,shirt,1800,2025-01-23,1.6,Credit Card,East Coast
4025,jeans,1600,2025-01-23,2.9,Credit Card,West Coast
3986,shirt,1800,2025-01-23,1.6,Credit Card,West Coast
4103,jeans,2700,2025-01-24,3.2,Cash,East Coast
4041,shirt,2500,2025-01-24,1.6,Cash,East Coast
4103,jeans,2700,2025-01-24,3.2,Cash,West Coast
4041,shirt,2500,2025-01-24,1.6,Cash,West Coast
4093,jeans,2700,2025-01-25,4.8,Cash,East Coast
4068,shirt,1600,2025-01-25,1.1,Credit Card,East Coast
4093,jeans,2700,2025-01-25,4.8,Cash,West Coast
4068,shirt,1600,2025-01-25,1.1,Credit Card,West Coast
3977,jeans,2300,2025-01-26,1.6,Cash,East Coast
4072,shirt,1700,2025-01-26,3.6,Credit Card,East Coast
3977,jeans,2300,2025-01-26,1.6,Cash,West Coast
4072,shirt,1700,2025-01-26,3.6,Credit Card,West Coast
4081,jeans,400,2025-01-27,3.2,Cash,East Coast
4103,shirt,1000,2025-01-27,5.0,Cash,East Coast
4081,jeans,400,2025-01-27,3.2,Cash,West Coast
4103,shirt,1000,2025-01-27,5.0,Cash,West Coast
4096,jeans,2000,2025-01-28,4.4,Cash,East Coast
4044,shirt,1800,2025-01-28,4.8,Cash,East Coast
4096,jeans,2000,2025-01-28,4.4,Cash,West Coast
4044,shirt,1800,2025-01-28,4.8,Cash,West Coast
3970,jeans,2800,2025-01-29,2.5,Cash,East Coast
4018,shirt,400,2025-01-29,3.0,Credit Card,East Coast
3970,jeans,2800,2025-01-29,2.5,Cash,West Coast
4018,shirt,400,2025-01-29,1.0,Credit Card,West Coast
4061,jeans,500,2025-01-30,5.0,Credit Card,East Coast
4118,shirt,600,2025-01-30,1.0,Credit Card,East Coast
4061,jeans,500,2025-01-30,5.0,Credit Card,West Coast
4118,shirt,600,2025-01-30,1.0,Credit Card,West Coast
3981,jeans,1300,2025-01-31,4.8,Credit Card,East Coast
4105,shirt,1500,2025-01-31,3.2,Credit Card,East Coast
3981,jeans,1300,2025-01-31,4.8,Credit Card,West Coast
4105,shirt,1500,2025-01-31,3.2,Credit Card,West Coast
4010,jeans,800,2025-02-01,2.7,Credit Card,East Coast
4052,shirt,200,2025-02-01,1.9,Cash,East Coast
4010,jeans,800,2025-02-01,2.7,Credit Card,West Coast
4052,shirt,200,2025-02-01,1.9,Cash,West Coast
4022,jeans,2500,2025-02-02,1.9,Cash,East Coast
4088,shirt,2000,2025-02-02,2.0,Credit Card,East Coast
4022,jeans,2500,2025-02-02,1.9,Cash,West Coast
4088,shirt,2000,2025-02-02,4.0,Credit Card,West Coast
4062,jeans,2100,2025-02-03,2.8,Credit Card,East Coast
3965,shirt,900,2025-02-03,2.8,Cash,East Coast
4062,jeans,2100,2025-02-03,2.8,Credit Card,West Coast
3965,shirt,900,2025-02-03,2.8,Cash,West Coast
4104,jeans,600,2025-02-04,4.6,Cash,East Coast
4073,shirt,2000,2025-02-04,3.9,Cash,East Coast
4104,jeans,600,2025-02-04,4.6,Cash,West Coast
4073,shirt,2000,2025-02-04,3.9,Cash,West Coast
4030,jeans,2200,2025-02-05,4.0,Credit Card,East Coast
4099,shirt,2800,2025-02-05,2.7,Credit Card,East Coast
4030,jeans,2200,2025-02-05,4.0,Credit Card,West Coast
4099,shirt,2800,2025-02-05,2.7,Credit Card,West Coast
3972,jeans,3000,2025-02-06,3.2,Credit Card,East Coast
4078,shirt,2400,2025-02-06,1.5,Credit Card,East Coast
3972,jeans,3000,2025-02-06,3.2,Credit Card,West Coast
4078,shirt,2400,2025-02-06,1.5,Credit Card,West Coast
3968,jeans,2600,2025-02-07,3.8,Credit Card,East Coast
4038,shirt,700,2025-02-07,4.8,Credit Card,East Coast
3968,jeans,2600,2025-02-07,3.8,Credit Card,West Coast
4038,shirt,700,2025-02-07,4.8,Credit Card,West Coast
4017,jeans,400,2025-02-08,5.0,Credit Card,East Coast
3987,shirt,1400,2025-02-08,1.7,Cash,East Coast
4017,jeans,400,2025-02-08,4.0,Credit Card,West Coast
3987,shirt,1400,2025-02-08,1.7,Cash,West Coast
4084,jeans,600,2025-02-09,2.3,Credit Card,East Coast
3978,shirt,500,2025-02-09,3.2,Cash,East Coast
4084,jeans,600,2025-02-09,2.3,Credit Card,West Coast
3978,shirt,500,2025-02-09,3.2,Cash,West Coast
4036,jeans,1000,2025-02-10,2.6,Credit Card,East Coast
3973,shirt,2700,2025-02-10,2.5,Credit Card,East Coast
4036,jeans,1000,2025-02-10,2.6,Credit Card,West Coast
3973,shirt,2700,2025-02-10,2.5,Credit Card,West Coast
4105,jeans,1000,2025-02-11,4.5,Credit Card,East Coast
4064,shirt,1200,2025-02-11,2.9,Cash,East Coast
4105,jeans,1000,2025-02-11,4.5,Credit Card,West Coast
4064,shirt,1200,2025-02-11,2.9,Cash,West Coast
3990,jeans,3000,2025-02-12,4.2,Credit Card,East Coast
4034,shirt,100,2025-02-12,2.0,Cash,East Coast
3990,jeans,3000,2025-02-12,4.2,Credit Card,West Coast
4034,shirt,100,2025-02-12,1.0,Cash,West Coast
3959,jeans,800,2025-02-13,4.5,Cash,East Coast
4056,shirt,500,2025-02-13,1.0,Credit Card,East Coast
3959,jeans,800,2025-02-13,4.5,Cash,West Coast
4056,shirt,500,2025-02-13,1.0,Credit Card,West Coast
4092,jeans,1500,2025-02-14,3.4,Credit Card,East Coast
3971,shirt,1500,2025-02-14,1.6,Cash,East Coast
4092,jeans,1500,2025-02-14,3.4,Credit Card,West Coast
3971,shirt,1500,2025-02-14,1.6,Cash,West Coast
3957,jeans,1200,2025-02-15,4.7,Cash,East Coast
4012,shirt,1900,2025-02-15,3.2,Cash,East Coast
3957,jeans,1200,2025-02-15,4.7,Cash,West Coast
4012,shirt,1900,2025-02-15,3.2,Cash,West Coast
4001,jeans,1900,2025-02-16,4.0,Credit Card,East Coast
4063,shirt,2700,2025-02-16,1.3,Credit Card,East Coast
4001,jeans,1900,2025-02-16,4.0,Credit Card,West Coast
4063,shirt,2700,2025-02-16,1.3,Credit Card,West Coast
3998,jeans,2100,2025-02-17,1.0,Credit Card,East Coast
3989,shirt,3000,2025-02-17,4.2,Credit Card,East Coast
3998,jeans,2100,2025-02-17,1.0,Credit Card,West Coast
3989,shirt,3000,2025-02-17,4.2,Credit Card,West Coast
4065,jeans,1300,2025-02-18,1.9,Credit Card,East Coast
4120,shirt,400,2025-02-18,2.3,Cash,East Coast
4065,jeans,1300,2025-02-18,1.9,Credit Card,West Coast
4120,shirt,400,2025-02-18,2.3,Cash,West Coast
4048,jeans,2200,2025-02-19,1.2,Credit Card,East Coast
4063,shirt,1100,2025-02-19,1.0,Cash,East Coast
4048,jeans,2200,2025-02-19,1.2,Credit Card,West Coast
4063,shirt,1100,2025-02-19,1.0,Cash,West Coast
3973,jeans,200,2025-02-20,2.2,Credit Card,East Coast
4108,shirt,2000,2025-02-20,4.5,Credit Card,East Coast
3973,jeans,200,2025-02-20,2.2,Credit Card,West Coast
4108,shirt,2000,2025-02-20,4.5,Credit Card,West Coast
4037,jeans,1200,2025-02-21,2.4,Cash,East Coast
3973,shirt,1300,2025-02-21,4.6,Cash,East Coast
4037,jeans,1200,2025-02-21,2.4,Cash,West Coast
3973,shirt,1300,2025-02-21,4.6,Cash,West Coast
4085,jeans,400,2025-02-22,1.6,Credit Card,East Coast
4011,shirt,900,2025-02-22,4.0,Cash,East Coast
4085,jeans,400,2025-02-22,1.6,Credit Card,West Coast
4011,shirt,900,2025-02-22,2.0,Cash,West Coast
4042,jeans,2500,2025-02-23,3.2,Cash,East Coast
4068,shirt,400,2025-02-23,4.5,Cash,East Coast
4042,jeans,2500,2025-02-23,3.2,Cash,West Coast
4068,shirt,400,2025-02-23,4.5,Cash,West Coast
4095,jeans,1300,2025-02-24,1.5,Cash,East Coast
3993,shirt,100,2025-02-24,2.7,Cash,East Coast
4095,jeans,1300,2025-02-24,1.5,Cash,West Coast
3993,shirt,100,2025-02-24,2.7,Cash,West Coast
4076,jeans,2800,2025-02-25,2.9,Credit Card,East Coast
4033,shirt,100,2025-02-25,4.0,Cash,East Coast
4076,jeans,2800,2025-02-25,2.9,Credit Card,West Coast
4033,shirt,100,2025-02-25,1.0,Cash,West Coast
4022,jeans,2300,2025-02-26,1.3,Credit Card,East Coast
4035,shirt,2000,2025-02-26,1.1,Credit Card,East Coast
4022,jeans,2300,2025-02-26,1.3,Credit Card,West Coast
4035,shirt,2000,2025-02-26,1.1,Credit Card,West Coast
4044,jeans,1700,2025-02-27,1.7,Cash,East Coast
4074,shirt,500,2025-02-27,3.4,Cash,East Coast
4044,jeans,1700,2025-02-27,1.7,Cash,West Coast
4074,shirt,500,2025-02-27,3.4,Cash,West Coast
3968,jeans,2800,2025-02-28,4.3,Credit Card,East Coast
4018,shirt,2900,2025-02-28,3.5,Credit Card,East Coast
3968,jeans,2800,2025-02-28,4.3,Credit Card,West Coast
4018,shirt,2900,2025-02-28,3.5,Credit Card,West Coast
4042,jeans,1900,2025-03-01,4.9,Credit Card,East Coast
4018,shirt,1400,2025-03-01,3.4,Cash,East Coast
4042,jeans,1900,2025-03-01,4.9,Credit Card,West Coast
4018,shirt,1400,2025-03-01,3.4,Cash,West Coast
4056,jeans,1400,2025-03-02,1.5,Cash,East Coast
3994,shirt,1000,2025-03-02,2.2,Cash,East Coast
4056,jeans,1400,2025-03-02,1.5,Cash,West Coast
3994,shirt,1000,2025-03-02,2.2,Cash,West Coast
3991,jeans,2900,2025-03-03,3.7,Credit Card,East Coast
4033,shirt,800,2025-03-03,2.6,Cash,East Coast
3991,jeans,2900,2025-03-03,3.7,Credit Card,West Coast
4047,shirt,1100,2025-03-03,1.8,Cash,West Coast
4067,jeans,200,2025-03-04,3.4,Cash,East Coast
4103,shirt,2300,2025-03-04,2.0,Credit Card,East Coast
4067,jeans,200,2025-03-04,3.4,Cash,West Coast
4103,shirt,2300,2025-03-04,2.0,Credit Card,West Coast
3971,jeans,900,2025-03-05,3.1,Credit Card,East Coast
3982,shirt,400,2025-03-05,3.7,Credit Card,East Coast
3971,jeans,900,2025-03-05,3.1,Credit Card,West Coast
3982,shirt,400,2025-03-05,3.7,Credit Card,West Coast
3995,jeans,600,2025-03-06,4.1,Cash,East Coast
4079,shirt,2100,2025-03-06,1.5,Credit Card,East Coast
3995,jeans,600,2025-03-06,4.1,Cash,West Coast
4079,shirt,2100,2025-03-06,1.5,Credit Card,West Coast
4116,jeans,600,2025-03-07,2.1,Credit Card,East Coast
3986,shirt,900,2025-03-07,2.2,Cash,East Coast
4116,jeans,600,2025-03-07,2.1,Credit Card,West Coast
3986,shirt,900,2025-03-07,2.2,Cash,West Coast
4001,jeans,1500,2025-03-08,2.7,Cash,East Coast
3984,shirt,3000,2025-03-08,4.4,Cash,East Coast
4001,jeans,1500,2025-03-08,2.7,Cash,West Coast
3984,shirt,3000,2025-03-08,4.4,Cash,West Coast
3970,jeans,700,2025-03-09,4.1,Cash,East Coast
4101,shirt,400,2025-03-09,3.5,Credit Card,East Coast
3970,jeans,700,2025-03-09,4.1,Cash,West Coast
4101,shirt,400,2025-03-09,3.5,Credit Card,West Coast
3997,jeans,300,2025-03-10,4.7,Cash,East Coast
4007,shirt,400,2025-03-10,1.1,Cash,East Coast
3997,jeans,300,2025-03-10,4.7,Cash,West Coast
4007,shirt,400,2025-03-10,1.1,Cash,West Coast
4060,jeans,2500,2025-03-11,1.4,Credit Card,East Coast
4091,shirt,300,2025-03-11,3.4,Credit Card,East Coast
4060,jeans,2500,2025-03-11,1.4,Credit Card,West Coast
4091,shirt,300,2025-03-11,3.4,Credit Card,West Coast
3978,jeans,3000,2025-03-12,1.2,Cash,East Coast
4055,shirt,1600,2025-03-12,3.9,Credit Card,East Coast
3978,jeans,3000,2025-03-12,1.2,Cash,West Coast
4055,shirt,1600,2025-03-12,3.9,Credit Card,West Coast
4002,jeans,400,2025-03-13,1.5,Cash,East Coast
4040,shirt,2900,2025-03-13,1.1,Cash,East Coast
4002,jeans,400,2025-03-13,1.5,Cash,West Coast
4040,shirt,2900,2025-03-13,1.1,Cash,West Coast
4027,jeans,1800,2025-03-14,4.0,Credit Card,East Coast
3969,shirt,400,2025-03-14,2.0,Cash,East Coast
4027,jeans,1800,2025-03-14,4.0,Credit Card,West Coast
3969,shirt,400,2025-03-14,3.0,Cash,West Coast
4081,jeans,700,2025-03-15,4.1,Cash,East Coast
4062,shirt,3000,2025-03-15,3.7,Cash,East Coast
4081,jeans,700,2025-03-15,4.1,Cash,West Coast
4062,shirt,3000,2025-03-15,3.7,Cash,West Coast
4071,jeans,2700,2025-03-16,1.5,Cash,East Coast
4041,shirt,800,2025-03-16,1.3,Credit Card,East Coast
4071,jeans,2700,2025-03-16,1.5,Cash,West Coast
4041,shirt,800,2025-03-16,1.3,Credit Card,West Coast
4118,jeans,400,2025-03-17,3.1,Cash,East Coast
4109,shirt,600,2025-03-17,2.1,Credit Card,East Coast
4118,jeans,400,2025-03-17,3.1,Cash,West Coast
4109,shirt,600,2025-03-17,2.1,Credit Card,West Coast
4014,jeans,900,2025-03-18,4.2,Cash,East Coast
3974,shirt,700,2025-03-18,3.6,Credit Card,East Coast
4014,jeans,900,2025-03-18,4.2,Cash,West Coast
3974,shirt,700,2025-03-18,3.6,Credit Card,West Coast
4067,jeans,1600,2025-03-19,1.1,Credit Card,East Coast
4076,shirt,2700,2025-03-19,2.6,Credit Card,East Coast
4067,jeans,1600,2025-03-19,1.1,Credit Card,West Coast
4076,shirt,2700,2025-03-19,2.6,Credit Card,West Coast
4086,jeans,2200,2025-03-20,1.6,Cash,East Coast
4072,shirt,1400,2025-03-20,2.9,Cash,East Coast
4086,jeans,2200,2025-03-20,1.6,Cash,West Coast
4072,shirt,1400,2025-03-20,2.9,Cash,West Coast
4090,jeans,2300,2025-03-21,2.0,Cash,East Coast
4098,shirt,300,2025-03-21,4.5,Credit Card,East Coast
4090,jeans,2300,2025-03-21,2.0,Cash,West Coast
4098,shirt,300,2025-03-21,4.5,Credit Card,West Coast
3975,jeans,1800,2025-03-22,4.6,Credit Card,East Coast
4068,shirt,2700,2025-03-22,3.0,Credit Card,East Coast
3975,jeans,1800,2025-03-22,4.6,Credit Card,West Coast
4068,shirt,2700,2025-03-22,5.0,Credit Card,West Coast
4122,jeans,400,2025-03-23,4.0,Credit Card,East Coast
4122,shirt,1200,2025-03-23,2.1,Cash,East Coast
4122,jeans,400,2025-03-23,3.0,Credit Card,West Coast
4122,shirt,1200,2025-03-23,2.1,Cash,West Coast
4080,jeans,1200,2025-03-24,4.5,Credit Card,East Coast
4072,shirt,2300,2025-03-24,1.2,Cash,East Coast
4080,jeans,1200,2025-03-24,4.5,Credit Card,West Coast
4072,shirt,2300,2025-03-24,1.2,Cash,West Coast
3970,jeans,700,2025-03-25,3.5,Cash,East Coast
3981,shirt,2100,2025-03-25,2.8,Credit Card,East Coast
3970,jeans,700,2025-03-25,3.5,Cash,West Coast
3981,shirt,2100,2025-03-25,2.8,Credit Card,West Coast
3992,jeans,2300,2025-03-26,1.3,Credit Card,East Coast
4000,shirt,2700,2025-03-26,4.5,Credit Card,East Coast
3992,jeans,2300,2025-03-26,1.3,Credit Card,West Coast
4000,shirt,2700,2025-03-26,4.5,Credit Card,West Coast
3986,jeans,2600,2025-03-27,5.0,Cash,East Coast
3992,shirt,2000,2025-03-27,2.4,Credit Card,East Coast
3986,jeans,2600,2025-03-27,5.0,Cash,West Coast
3992,shirt,2000,2025-03-27,2.4,Credit Card,West Coast
4019,jeans,1200,2025-03-28,3.5,Credit Card,East Coast
4121,shirt,1400,2025-03-28,2.5,Credit Card,East Coast
4019,jeans,1200,2025-03-28,3.5,Credit Card,West Coast
4121,shirt,1400,2025-03-28,2.5,Credit Card,West Coast
3963,jeans,700,2025-03-29,1.5,Cash,East Coast
4005,shirt,900,2025-03-29,2.9,Credit Card,East Coast
3963,jeans,700,2025-03-29,1.5,Cash,West Coast
4005,shirt,900,2025-03-29,2.9,Credit Card,West Coast
3958,jeans,900,2025-03-30,2.0,Cash,East Coast
4106,shirt,300,2025-03-30,1.6,Credit Card,East Coast
3958,jeans,900,2025-03-30,2.0,Cash,West Coast
4106,shirt,300,2025-03-30,1.6,Credit Card,West Coast
4002,jeans,1600,2025-03-31,4.0,Credit Card,East Coast
3974,shirt,100,2025-03-31,1.3,Cash,East Coast
4002,jeans,1600,2025-03-31,4.0,Credit Card,West Coast
3974,shirt,100,2025-03-31,1.3,Cash,West Coast
3984,jeans,700,2025-04-01,5.0,Cash,East Coast
4033,shirt,1300,2025-04-01,2.0,Credit Card,East Coast
3984,jeans,700,2025-04-01,5.0,Cash,West Coast
4033,shirt,1300,2025-04-01,2.0,Credit Card,West Coast
4105,jeans,900,2025-04-02,4.7,Cash,East Coast
4109,shirt,800,2025-04-02,4.0,Credit Card,East Coast
4105,jeans,900,2025-04-02,4.7,Cash,West Coast
4109,shirt,800,2025-04-02,4.0,Credit Card,West Coast
3987,jeans,1200,2025-04-03,2.5,Cash,East Coast
4109,shirt,1000,2025-04-03,1.0,Credit Card,East Coast
3987,jeans,1200,2025-04-03,2.5,Cash,West Coast
4109,shirt,1000,2025-04-03,1.0,Credit Card,West Coast
4071,jeans,800,2025-04-04,1.8,Credit Card,East Coast
3972,shirt,600,2025-04-04,4.6,Credit Card,East Coast
4071,jeans,800,2025-04-04,1.8,Credit Card,West Coast
3972,shirt,600,2025-04-04,4.6,Credit Card,West Coast
4035,jeans,700,2025-04-05,1.2,Credit Card,East Coast
4019,shirt,2500,2025-04-05,1.0,Credit Card,East Coast
4035,jeans,700,2025-04-05,1.2,Credit Card,West Coast
4019,shirt,2500,2025-04-05,1.0,Credit Card,West Coast
4043,jeans,1100,2025-04-06,1.5,Cash,East Coast
4060,shirt,2800,2025-04-06,4.2,Credit Card,East Coast
4043,jeans,1100,2025-04-06,1.5,Cash,West Coast
4060,shirt,2800,2025-04-06,4.2,Credit Card,West Coast
4044,jeans,1000,2025-04-07,4.4,Credit Card,East Coast
4014,shirt,1400,2025-04-07,4.8,Credit Card,East Coast
4044,jeans,1000,2025-04-07,4.4,Credit Card,West Coast
4014,shirt,1400,2025-04-07,4.8,Credit Card,West Coast
3993,jeans,1900,2025-04-08,1.6,Credit Card,East Coast
4002,shirt,1100,2025-04-08,4.5,Cash,East Coast
3993,jeans,1900,2025-04-08,1.6,Credit Card,West Coast
4002,shirt,1100,2025-04-08,4.5,Cash,West Coast
4075,jeans,2900,2025-04-09,4.2,Cash,East Coast
4057,shirt,700,2025-04-09,4.5,Credit Card,East Coast
4075,jeans,2900,2025-04-09,4.2,Cash,West Coast
4057,shirt,700,2025-04-09,4.5,Credit Card,West Coast
4068,jeans,1800,2025-04-10,1.1,Cash,East Coast
4082,shirt,1000,2025-04-10,3.1,Credit Card,East Coast
4068,jeans,1800,2025-04-10,1.1,Cash,West Coast
4082,shirt,1000,2025-04-10,3.1,Credit Card,West Coast
4050,jeans,2500,2025-04-11,1.4,Cash,East Coast
4054,shirt,800,2025-04-11,2.6,Credit Card,East Coast
4050,jeans,2500,2025-04-11,1.4,Cash,West Coast
4054,shirt,800,2025-04-11,2.6,Credit Card,West Coast
4027,jeans,2100,2025-04-12,4.8,Credit Card,East Coast
3974,shirt,700,2025-04-12,1.3,Credit Card,East Coast
4027,jeans,2100,2025-04-12,4.8,Credit Card,West Coast
3974,shirt,700,2025-04-12,1.3,Credit Card,West Coast
3974,jeans,700,2025-04-13,1.4,Cash,East Coast
3985,shirt,200,2025-04-13,2.0,Credit Card,East Coast
3974,jeans,700,2025-04-13,1.4,Cash,West Coast
3985,shirt,200,2025-04-13,2.0,Credit Card,West Coast
4034,jeans,3000,2025-04-14,2.1,Cash,East Coast
4092,shirt,1600,2025-04-14,5.0,Credit Card,East Coast
4034,jeans,3000,2025-04-14,2.1,Cash,West Coast
4092,shirt,1600,2025-04-14,4.0,Credit Card,West Coast
4066,jeans,1800,2025-04-15,3.8,Credit Card,East Coast
4057,shirt,2300,2025-04-15,4.7,Cash,East Coast
4066,jeans,1800,2025-04-15,3.8,Credit Card,West Coast
4057,shirt,2300,2025-04-15,4.7,Cash,West Coast
3959,jeans,1500,2025-04-16,1.5,Credit Card,East Coast
4011,shirt,2100,2025-04-16,4.1,Cash,East Coast
3959,jeans,1500,2025-04-16,1.5,Credit Card,West Coast
4011,shirt,2100,2025-04-16,4.1,Cash,West Coast
4068,jeans,800,2025-04-17,1.2,Cash,East Coast
4032,shirt,1300,2025-04-17,4.0,Credit Card,East Coast
4068,jeans,800,2025-04-17,1.2,Cash,West Coast
4032,shirt,1300,2025-04-17,4.0,Credit Card,West Coast
4055,jeans,200,2025-04-18,1.9,Credit Card,East Coast
3970,shirt,1300,2025-04-18,2.4,Cash,East Coast
4055,jeans,200,2025-04-18,1.9,Credit Card,West Coast
3970,shirt,1300,2025-04-18,2.4,Cash,West Coast
3960,jeans,800,2025-04-19,3.8,Cash,East Coast
4068,shirt,300,2025-04-19,1.3,Cash,East Coast
3960,jeans,800,2025-04-19,3.8,Cash,West Coast
4068,shirt,300,2025-04-19,1.3,Cash,West Coast
4099,jeans,400,2025-04-20,4.1,Cash,East Coast
4037,shirt,1100,2025-04-20,4.2,Credit Card,East Coast
4099,jeans,400,2025-04-20,4.1,Cash,West Coast
4037,shirt,1100,2025-04-20,4.2,Credit Card,West Coast
4077,jeans,200,2025-04-21,4.6,Credit Card,East Coast
4000,shirt,400,2025-04-21,3.6,Credit Card,East Coast
4077,jeans,200,2025-04-21,4.6,Credit Card,West Coast
4000,shirt,400,2025-04-21,3.6,Credit Card,West Coast
4072,jeans,2000,2025-04-22,2.4,Cash,East Coast
4025,shirt,300,2025-04-22,1.8,Cash,East Coast
4072,jeans,2000,2025-04-22,2.4,Cash,West Coast
4025,shirt,300,2025-04-22,1.8,Cash,West Coast
4081,jeans,900,2025-04-23,2.6,Cash,East Coast
3996,shirt,3000,2025-04-23,2.4,Cash,East Coast
4081,jeans,900,2025-04-23,2.6,Cash,West Coast
3996,shirt,3000,2025-04-23,2.4,Cash,West Coast
4090,jeans,1800,2025-04-24,2.9,Cash,East Coast
4013,shirt,400,2025-04-24,1.4,Credit Card,East Coast
4090,jeans,1800,2025-04-24,2.9,Cash,West Coast
4013,shirt,400,2025-04-24,1.4,Credit Card,West Coast
4001,jeans,2900,2025-04-25,3.2,Credit Card,East Coast
4118,shirt,1300,2025-04-25,1.1,Credit Card,East Coast
4001,jeans,2900,2025-04-25,3.2,Credit Card,West Coast
4118,shirt,1300,2025-04-25,1.1,Credit Card,West Coast
4049,jeans,1600,2025-04-26,2.6,Cash,East Coast
3957,shirt,2000,2025-04-26,3.0,Cash,East Coast
4049,jeans,1600,2025-04-26,2.6,Cash,West Coast
3957,shirt,2000,2025-04-26,3.0,Cash,West Coast
4031,jeans,1600,2025-04-27,3.0,Cash,East Coast
3987,shirt,2500,2025-04-27,4.0,Cash,East Coast
4031,jeans,1600,2025-04-27,3.0,Cash,West Coast
3987,shirt,2500,2025-04-27,4.0,Cash,West Coast
3978,jeans,1900,2025-04-28,3.7,Credit Card,East Coast
4111,shirt,1100,2025-04-28,2.3,Credit Card,East Coast
3978,jeans,1900,2025-04-28,3.7,Credit Card,West Coast
4111,shirt,1100,2025-04-28,2.3,Credit Card,West Coast
4059,jeans,2500,2025-04-29,1.4,Cash,East Coast
4116,shirt,2400,2025-04-29,3.6,Credit Card,East Coast
4059,jeans,2500,2025-04-29,1.4,Cash,West Coast
4116,shirt,2400,2025-04-29,3.6,Credit Card,West Coast
4027,jeans,900,2025-04-30,1.1,Cash,East Coast
3978,shirt,1700,2025-04-30,5.0,Cash,East Coast
4027,jeans,900,2025-04-30,1.1,Cash,West Coast
3978,shirt,1700,2025-04-30,5.0,Cash,West Coast
4063,jeans,2900,2025-05-01,3.6,Credit Card,East Coast
3987,shirt,3000,2025-05-01,4.3,Credit Card,East Coast
4063,jeans,2900,2025-05-01,3.6,Credit Card,West Coast
3987,shirt,3000,2025-05-01,4.3,Credit Card,West Coast
4065,jeans,2300,2025-05-02,1.4,Cash,East Coast
3985,shirt,1000,2025-05-02,4.1,Credit Card,East Coast
4065,jeans,2300,2025-05-02,1.4,Cash,West Coast
3985,shirt,1000,2025-05-02,4.1,Credit Card,West Coast
4022,jeans,1100,2025-05-03,2.4,Credit Card,East Coast
4113,shirt,1800,2025-05-03,1.2,Credit Card,East Coast
4022,jeans,1100,2025-05-03,2.4,Credit Card,West Coast
4113,shirt,1800,2025-05-03,1.2,Credit Card,West Coast
4004,jeans,2700,2025-05-04,4.1,Credit Card,East Coast
3971,shirt,1800,2025-05-04,3.9,Cash,East Coast
4004,jeans,2700,2025-05-04,4.1,Credit Card,West Coast
3971,shirt,1800,2025-05-04,3.9,Cash,West Coast
4004,jeans,1700,2025-05-05,2.0,Cash,East Coast
4058,shirt,500,2025-05-05,3.6,Cash,East Coast
4004,jeans,1700,2025-05-05,2.0,Cash,West Coast
4058,shirt,500,2025-05-05,3.6,Cash,West Coast
4070,jeans,2600,2025-05-06,2.3,Cash,East Coast
3980,shirt,400,2025-05-06,4.6,Credit Card,East Coast
4070,jeans,2600,2025-05-06,2.3,Cash,West Coast
3980,shirt,400,2025-05-06,4.6,Credit Card,West Coast
4122,jeans,2700,2025-05-07,1.6,Cash,East Coast
3982,shirt,2900,2025-05-07,1.1,Cash,East Coast
4122,jeans,2700,2025-05-07,1.6,Cash,West Coast
3982,shirt,2900,2025-05-07,1.1,Cash,West Coast
4032,jeans,100,2025-05-08,2.3,Credit Card,East Coast
3980,shirt,200,2025-05-08,3.0,Cash,East Coast
4032,jeans,100,2025-05-08,2.3,Credit Card,West Coast
3980,shirt,200,2025-05-08,2.0,Cash,West Coast
3972,jeans,2800,2025-05-09,4.6,Credit Card,East Coast
4060,shirt,500,2025-05-09,3.4,Credit Card,East Coast
3972,jeans,2800,2025-05-09,4.6,Credit Card,West Coast
4060,shirt,500,2025-05-09,3.4,Credit Card,West Coast
4045,jeans,1800,2025-05-10,2.5,Credit Card,East Coast
3991,shirt,200,2025-05-10,2.4,Cash,East Coast
4045,jeans,1800,2025-05-10,2.5,Credit Card,West Coast
3991,shirt,200,2025-05-10,2.4,Cash,West Coast
3993,jeans,2500,2025-05-11,1.7,Credit Card,East Coast
3991,shirt,1500,2025-05-11,3.2,Cash,East Coast
3993,jeans,2500,2025-05-11,1.7,Credit Card,West Coast
3991,shirt,1500,2025-05-11,3.2,Cash,West Coast
4102,jeans,2500,2025-05-12,4.8,Cash,East Coast
4045,shirt,400,2025-05-12,2.7,Credit Card,East Coast
4102,jeans,2500,2025-05-12,4.8,Cash,West Coast
4045,shirt,400,2025-05-12,2.7,Credit Card,West Coast
4091,jeans,2200,2025-05-13,2.7,Cash,East Coast
3986,shirt,1500,2025-05-13,4.1,Cash,East Coast
4091,jeans,2200,2025-05-13,2.7,Cash,West Coast
3986,shirt,1500,2025-05-13,4.1,Cash,West Coast
4102,jeans,2900,2025-05-14,2.7,Cash,East Coast
4105,shirt,2800,2025-05-14,3.3,Credit Card,East Coast
4102,jeans,2900,2025-05-14,2.7,Cash,West Coast
4105,shirt,2800,2025-05-14,3.3,Credit Card,West Coast
4063,jeans,2500,2025-05-15,1.2,Credit Card,East Coast
4056,shirt,700,2025-05-15,1.2,Cash,East Coast
4063,jeans,2500,2025-05-15,1.2,Credit Card,West Coast
4056,shirt,700,2025-05-15,1.2,Cash,West Coast
3970,jeans,2500,2025-05-16,3.1,Credit Card,East Coast
4006,shirt,2400,2025-05-16,3.6,Cash,East Coast
3970,jeans,2500,2025-05-16,3.1,Credit Card,West Coast
4006,shirt,2400,2025-05-16,3.6,Cash,West Coast
4084,jeans,2500,2025-05-17,3.5,Credit Card,East Coast
4059,shirt,1200,2025-05-17,3.7,Credit Card,East Coast
4084,jeans,2500,2025-05-17,3.5,Credit Card,West Coast
4165,shirt,2800,2025-05-17,3.9,Cash,West Coast
3961,jeans,1200,2025-05-18,3.3,Credit Card,East Coast
4098,shirt,1500,2025-05-18,5.0,Credit Card,East Coast
3961,jeans,1200,2025-05-18,3.3,Credit Card,West Coast
4098,shirt,1500,2025-05-18,5.0,Credit Card,West Coast
4074,jeans,2300,2025-05-19,2.9,Cash,East Coast
4018,shirt,1000,2025-05-19,1.0,Credit Card,East Coast
4074,jeans,2300,2025-05-19,2.9,Cash,West Coast
4018,shirt,1000,2025-05-19,2.0,Credit Card,West Coast
3978,jeans,1200,2025-05-20,3.8,Credit Card,East Coast
4074,shirt,2800,2025-05-20,2.2,Cash,East Coast
3978,jeans,1200,2025-05-20,3.8,Credit Card,West Coast
4074,shirt,2800,2025-05-20,2.2,Cash,West Coast
3975,jeans,200,2025-05-21,3.5,Cash,East Coast
4030,shirt,2900,2025-05-21,2.7,Cash,East Coast
3975,jeans,200,2025-05-21,3.5,Cash,West Coast
4030,shirt,2900,2025-05-21,2.7,Cash,West Coast
4059,jeans,200,2025-05-22,4.5,Cash,East Coast
3959,shirt,1700,2025-05-22,2.1,Credit Card,East Coast
4059,jeans,200,2025-05-22,4.5,Cash,West Coast
3959,shirt,1700,2025-05-22,2.1,Credit Card,West Coast
4100,jeans,1600,2025-05-23,4.8,Credit Card,East Coast
4023,shirt,300,2025-05-23,2.4,Credit Card,East Coast
4100,jeans,1600,2025-05-23,4.8,Credit Card,West Coast
4023,shirt,300,2025-05-23,2.4,Credit Card,West Coast
4044,jeans,1600,2025-05-24,2.4,Cash,East Coast
4004,shirt,1400,2025-05-24,2.9,Credit Card,East Coast
4044,jeans,1600,2025-05-24,2.4,Cash,West Coast
4004,shirt,1400,2025-05-24,2.9,Credit Card,West Coast
4108,jeans,1000,2025-05-25,4.4,Credit Card,East Coast
4096,shirt,2000,2025-05-25,4.1,Credit Card,East Coast
4108,jeans,1000,2025-05-25,4.4,Credit Card,West Coast
4096,shirt,2000,2025-05-25,4.1,Credit Card,West Coast
4120,jeans,1200,2025-05-26,1.9,Credit Card,East Coast
4042,shirt,1100,2025-05-26,1.3,Cash,East Coast
4120,jeans,1200,2025-05-26,1.9,Credit Card,West Coast
4042,shirt,1100,2025-05-26,1.3,Cash,West Coast
4104,jeans,1300,2025-05-27,1.2,Cash,East Coast
4038,shirt,2100,2025-05-27,4.3,Cash,East Coast
4104,jeans,1300,2025-05-27,1.2,Cash,West Coast
4038,shirt,2100,2025-05-27,4.3,Cash,West Coast
4100,jeans,1700,2025-05-28,4.5,Cash,East Coast
4023,shirt,3000,2025-05-28,3.5,Credit Card,East Coast
4100,jeans,1700,2025-05-28,4.5,Cash,West Coast
4023,shirt,3000,2025-05-28,3.5,Credit Card,West Coast
4092,jeans,500,2025-05-29,4.6,Cash,East Coast
3998,shirt,2800,2025-05-29,4.7,Cash,East Coast
4092,jeans,500,2025-05-29,4.6,Cash,West Coast
3998,shirt,2800,2025-05-29,4.7,Cash,West Coast
4071,jeans,2700,2025-05-30,2.6,Credit Card,East Coast
4069,shirt,1800,2025-05-30,4.8,Cash,East Coast
4071,jeans,2700,2025-05-30,2.6,Credit Card,West Coast
4069,shirt,1800,2025-05-30,4.8,Cash,West Coast
3985,jeans,2700,2025-05-31,3.0,Credit Card,East Coast
4115,shirt,600,2025-05-31,2.8,Cash,East Coast
3985,jeans,2700,2025-05-31,3.0,Credit Card,West Coast
4115,shirt,600,2025-05-31,2.8,Cash,West Coast
4090,jeans,1300,2025-06-01,3.1,Cash,East Coast
4025,shirt,1800,2025-06-01,4.8,Credit Card,East Coast
4090,jeans,1300,2025-06-01,3.1,Cash,West Coast
4025,shirt,1800,2025-06-01,4.8,Credit Card,West Coast
4079,jeans,2700,2025-06-02,2.5,Cash,East Coast
3977,shirt,100,2025-06-02,4.3,Credit Card,East Coast
4079,jeans,2700,2025-06-02,2.5,Cash,West Coast
3977,shirt,100,2025-06-02,4.3,Credit Card,West Coast
4044,jeans,2500,2025-06-03,3.7,Credit Card,East Coast
3981,shirt,1500,2025-06-03,1.0,Cash,East Coast
4044,jeans,2500,2025-06-03,3.7,Credit Card,West Coast
3981,shirt,1500,2025-06-03,1.0,Cash,West Coast
4013,jeans,2400,2025-06-04,3.0,Cash,East Coast
4030,shirt,1800,2025-06-04,2.7,Cash,East Coast
4013,jeans,2400,2025-06-04,3.0,Cash,West Coast
4030,shirt,1800,2025-06-04,2.7,Cash,West Coast
4035,jeans,2200,2025-06-05,3.0,Cash,East Coast
4122,shirt,1100,2025-06-05,4.0,Credit Card,East Coast
4035,jeans,2200,2025-06-05,3.0,Cash,West Coast
4122,shirt,1100,2025-06-05,1.0,Credit Card,West Coast
4031,jeans,2200,2025-06-06,3.3,Cash,East Coast
4051,shirt,1900,2025-06-06,2.3,Credit Card,East Coast
4031,jeans,2200,2025-06-06,3.3,Cash,West Coast
4051,shirt,1900,2025-06-06,2.3,Credit Card,West Coast
3992,jeans,100,2025-06-07,3.0,Cash,East Coast
4121,shirt,1800,2025-06-07,2.1,Cash,East Coast
3992,jeans,100,2025-06-07,1.0,Cash,West Coast
4121,shirt,1800,2025-06-07,2.1,Cash,West Coast
4045,jeans,400,2025-06-08,4.0,Cash,East Coast
4073,shirt,1000,2025-06-08,2.6,Credit Card,East Coast
4045,jeans,400,2025-06-08,4.0,Cash,West Coast
4073,shirt,1000,2025-06-08,2.6,Credit Card,West Coast
3998,jeans,1400,2025-06-09,2.2,Cash,East Coast
4017,shirt,600,2025-06-09,1.8,Credit Card,East Coast
3998,jeans,1400,2025-06-09,2.2,Cash,West Coast
4017,shirt,600,2025-06-09,1.8,Credit Card,West Coast
4042,jeans,1200,2025-06-10,2.5,Credit Card,East Coast
3985,shirt,200,2025-06-10,1.4,Credit Card,East Coast
4042,jeans,1200,2025-06-10,2.5,Credit Card,West Coast
3985,shirt,200,2025-06-10,1.4,Credit Card,West Coast
4054,jeans,1100,2025-06-11,4.3,Cash,East Coast
4107,shirt,2500,2025-06-11,5.0,Cash,East Coast
4054,jeans,1100,2025-06-11,4.3,Cash,West Coast
4107,shirt,2500,2025-06-11,3.0,Cash,West Coast
4012,jeans,1500,2025-06-12,4.1,Cash,East Coast
3994,shirt,1700,2025-06-12,1.0,Cash,East Coast
4012,jeans,1500,2025-06-12,4.1,Cash,West Coast
3994,shirt,1700,2025-06-12,5.0,Cash,West Coast
4109,jeans,900,2025-06-13,4.0,Credit Card,East Coast
4100,shirt,100,2025-06-13,3.9,Credit Card,East Coast
4109,jeans,900,2025-06-13,2.0,Credit Card,West Coast
4100,shirt,100,2025-06-13,3.9,Credit Card,West Coast
3992,jeans,2600,2025-06-14,2.8,Credit Card,East Coast
4023,shirt,200,2025-06-14,2.2,Cash,East Coast
3992,jeans,2600,2025-06-14,2.8,Credit Card,West Coast
4023,shirt,200,2025-06-14,2.2,Cash,West Coast
3996,jeans,2400,2025-06-15,2.3,Credit Card,East Coast
3988,shirt,2500,2025-06-15,3.7,Credit Card,East Coast
3996,jeans,2400,2025-06-15,2.3,Credit Card,West Coast
3988,shirt,2500,2025-06-15,3.7,Credit Card,West Coast
4040,jeans,2700,2025-06-16,2.3,Credit Card,East Coast
3985,shirt,1200,2025-06-16,2.6,Cash,East Coast
4040,jeans,2700,2025-06-16,2.3,Credit Card,West Coast
3985,shirt,1200,2025-06-16,2.6,Cash,West Coast
4089,jeans,500,2025-06-17,1.5,Cash,East Coast
4012,shirt,2900,2025-06-17,3.8,Cash,East Coast
4089,jeans,500,2025-06-17,1.5,Cash,West Coast
4012,shirt,2900,2025-06-17,3.8,Cash,West Coast
4131,jeans,900,2025-06-18,3.5,Credit Card,East Coast
3960,shirt,1500,2025-06-18,3.4,Credit Card,East Coast
4150,jeans,100,2025-06-18,2.0,Credit Card,West Coast
3960,shirt,1500,2025-06-18,3.4,Credit Card,West Coast
4032,jeans,1400,2025-06-19,1.1,Credit Card,East Coast
4095,shirt,1200,2025-06-19,1.4,Credit Card,East Coast
4032,jeans,1400,2025-06-19,1.1,Credit Card,West Coast
4095,shirt,1200,2025-06-19,1.4,Credit Card,West Coast
4043,jeans,2800,2025-06-20,2.8,Cash,East Coast
3957,shirt,1100,2025-06-20,2.1,Credit Card,East Coast
4043,jeans,2800,2025-06-20,2.8,Cash,West Coast
3957,shirt,1100,2025-06-20,2.1,Credit Card,West Coast
4023,jeans,1400,2025-06-21,4.9,Credit Card,East Coast
4037,shirt,2800,2025-06-21,4.4,Credit Card,East Coast
4023,jeans,1400,2025-06-21,4.9,Credit Card,West Coast
4037,shirt,2800,2025-06-21,4.4,Credit Card,West Coast
3981,jeans,200,2025-06-22,1.4,Credit Card,East Coast
3959,shirt,900,2025-06-22,1.5,Cash,East Coast
3981,jeans,200,2025-06-22,1.4,Credit Card,West Coast
3959,shirt,900,2025-06-22,1.5,Cash,West Coast
4034,jeans,800,2025-06-23,3.4,Cash,East Coast
3996,shirt,1700,2025-06-23,4.7,Credit Card,East Coast
4034,jeans,800,2025-06-23,3.4,Cash,West Coast
3996,shirt,1700,2025-06-23,4.7,Credit Card,West Coast
3989,jeans,400,2025-06-24,3.2,Credit Card,East Coast
4075,shirt,1100,2025-06-24,2.3,Credit Card,East Coast
3989,jeans,400,2025-06-24,3.2,Credit Card,West Coast
4075,shirt,1100,2025-06-24,2.3,Credit Card,West Coast
3958,jeans,900,2025-06-25,1.3,Cash,East Coast
4020,shirt,2900,2025-06-25,1.0,Credit Card,East Coast
3958,jeans,900,2025-06-25,1.3,Cash,West Coast
4020,shirt,2900,2025-06-25,1.0,Credit Card,West Coast
4077,jeans,700,2025-06-26,2.4,Credit Card,East Coast
4097,shirt,1500,2025-06-26,3.2,Cash,East Coast
4077,jeans,700,2025-06-26,2.4,Credit Card,West Coast
4097,shirt,1500,2025-06-26,3.2,Cash,West Coast
4078,jeans,2700,2025-06-27,3.4,Credit Card,East Coast
4013,shirt,400,2025-06-27,4.5,Cash,East Coast
4078,jeans,2700,2025-06-27,3.4,Credit Card,West Coast
4013,shirt,400,2025-06-27,4.5,Cash,West Coast
4122,jeans,1800,2025-06-28,2.0,Cash,East Coast
3964,shirt,2600,2025-06-28,4.8,Cash,East Coast
4122,jeans,1800,2025-06-28,2.0,Cash,West Coast
3964,shirt,2600,2025-06-28,4.8,Cash,West Coast
4030,jeans,600,2025-06-29,2.7,Cash,East Coast
4105,shirt,1000,2025-06-29,2.0,Credit Card,East Coast
4030,jeans,600,2025-06-29,2.7,Cash,West Coast
4105,shirt,1000,2025-06-29,1.0,Credit Card,West Coast
4039,jeans,2900,2025-06-30,4.4,Credit Card,East Coast
4108,shirt,1900,2025-06-30,4.8,Credit Card,East Coast
4039,jeans,2900,2025-06-30,4.4,Credit Card,West Coast
4108,shirt,1900,2025-06-30,4.8,Credit Card,West Coast
4104,jeans,2200,2025-07-01,1.5,Credit Card,East Coast
4122,shirt,700,2025-07-01,4.4,Cash,East Coast
4104,jeans,2200,2025-07-01,1.5,Credit Card,West Coast
4122,shirt,700,2025-07-01,4.4,Cash,West Coast
4121,jeans,1000,2025-07-02,2.5,Credit Card,East Coast
4068,shirt,2600,2025-07-02,2.4,Credit Card,East Coast
4121,jeans,1000,2025-07-02,2.5,Credit Card,West Coast
4068,shirt,2600,2025-07-02,2.4,Credit Card,West Coast
4033,jeans,1800,2025-07-03,2.8,Cash,East Coast
3977,shirt,1000,2025-07-03,4.7,Cash,East Coast
4033,jeans,1800,2025-07-03,2.8,Cash,West Coast
3977,shirt,1000,2025-07-03,4.7,Cash,West Coast
4019,jeans,2200,2025-07-04,4.1,Cash,East Coast
4083,shirt,700,2025-07-04,3.8,Cash,East Coast
4019,jeans,2200,2025-07-04,4.1,Cash,West Coast
4083,shirt,700,2025-07-04,3.8,Cash,West Coast
4065,jeans,1100,2025-07-05,4.3,Credit Card,East Coast
4091,shirt,1200,2025-07-05,3.1,Cash,East Coast
4065,jeans,1100,2025-07-05,4.3,Credit Card,West Coast
4091,shirt,1200,2025-07-05,3.1,Cash,West Coast
4118,jeans,1600,2025-07-06,4.1,Credit Card,East Coast
4081,shirt,2000,2025-07-06,1.0,Cash,East Coast
4118,jeans,1600,2025-07-06,4.1,Credit Card,West Coast
4081,shirt,2000,2025-07-06,5.0,Cash,West Coast
3993,jeans,1800,2025-07-07,4.9,Cash,East Coast
4106,shirt,1000,2025-07-07,4.6,Cash,East Coast
3993,jeans,1800,2025-07-07,4.9,Cash,West Coast
4106,shirt,1000,2025-07-07,4.6,Cash,West Coast
4101,jeans,1600,2025-07-08,1.4,Cash,East Coast
4062,shirt,100,2025-07-08,2.9,Cash,East Coast
4101,jeans,1600,2025-07-08,1.4,Cash,West Coast
4062,shirt,100,2025-07-08,2.9,Cash,West Coast
4089,jeans,2800,2025-07-09,2.6,Cash,East Coast
4078,shirt,700,2025-07-09,3.2,Cash,East Coast
4089,jeans,2800,2025-07-09,2.6,Cash,West Coast
4078,shirt,700,2025-07-09,3.2,Cash,West Coast
4056,jeans,1500,2025-07-10,1.7,Cash,East Coast
4044,shirt,800,2025-07-10,3.4,Cash,East Coast
4056,jeans,1500,2025-07-10,1.7,Cash,West Coast
4044,shirt,800,2025-07-10,3.4,Cash,West Coast
4057,jeans,1700,2025-07-11,4.9,Credit Card,East Coast
3979,shirt,2700,2025-07-11,3.6,Cash,East Coast
4057,jeans,1700,2025-07-11,4.9,Credit Card,West Coast
3979,shirt,2700,2025-07-11,3.6,Cash,West Coast
4103,jeans,2500,2025-07-12,3.0,Cash,East Coast
4065,shirt,2000,2025-07-12,2.0,Cash,East Coast
4103,jeans,2500,2025-07-12,3.0,Cash,West Coast
4065,shirt,2000,2025-07-12,2.0,Cash,West Coast
3981,jeans,3000,2025-07-13,4.3,Cash,East Coast
4002,shirt,700,2025-07-13,1.9,Cash,East Coast
3981,jeans,3000,2025-07-13,4.3,Cash,West Coast
4002,shirt,700,2025-07-13,1.9,Cash,West Coast
4057,jeans,2200,2025-07-14,4.6,Credit Card,East Coast
4114,shirt,1600,2025-07-14,2.3,Credit Card,East Coast
4057,jeans,2200,2025-07-14,4.6,Credit Card,West Coast
4114,shirt,1600,2025-07-14,2.3,Credit Card,West Coast
4119,jeans,2800,2025-07-15,3.9,Cash,East Coast
4055,shirt,2000,2025-07-15,4.6,Cash,East Coast
4119,jeans,2800,2025-07-15,3.9,Cash,West Coast
4055,shirt,2000,2025-07-15,4.6,Cash,West Coast
4113,jeans,1200,2025-07-16,4.5,Credit Card,East Coast
4181,shirt,2300,2025-07-16,2.0,Credit Card,East Coast
4113,jeans,1200,2025-07-16,4.5,Credit Card,West Coast
4133,shirt,800,2025-07-16,1.5,Cash,West Coast
3986,jeans,900,2025-07-17,4.2,Cash,East Coast
4007,shirt,2800,2025-07-17,1.9,Cash,East Coast
3986,jeans,900,2025-07-17,4.2,Cash,West Coast
4007,shirt,2800,2025-07-17,1.9,Cash,West Coast
4019,jeans,3000,2025-07-18,2.1,Cash,East Coast
4025,shirt,1400,2025-07-18,4.1,Cash,East Coast
4019,jeans,3000,2025-07-18,2.1,Cash,West Coast
4025,shirt,1400,2025-07-18,4.1,Cash,West Coast
4080,jeans,1900,2025-07-19,2.5,Credit Card,East Coast
3990,shirt,3000,2025-07-19,1.6,Credit Card,East Coast
4080,jeans,1900,2025-07-19,2.5,Credit Card,West Coast
3990,shirt,3000,2025-07-19,1.6,Credit Card,West Coast
4099,jeans,500,2025-07-20,4.8,Credit Card,East Coast
3985,shirt,100,2025-07-20,4.6,Credit Card,East Coast
4099,jeans,500,2025-07-20,4.8,Credit Card,West Coast
3985,shirt,100,2025-07-20,4.6,Credit Card,West Coast
4050,jeans,600,2025-07-21,3.0,Credit Card,East Coast
4083,shirt,2300,2025-07-21,1.7,Cash,East Coast
4050,jeans,600,2025-07-21,3.0,Credit Card,West Coast
4083,shirt,2300,2025-07-21,1.7,Cash,West Coast
4062,jeans,500,2025-07-22,1.6,Credit Card,East Coast
4096,shirt,400,2025-07-22,4.0,Credit Card,East Coast
4062,jeans,500,2025-07-22,1.6,Credit Card,West Coast
4096,shirt,400,2025-07-22,1.0,Credit Card,West Coast
4121,jeans,700,2025-07-23,3.6,Credit Card,East Coast
3981,shirt,2700,2025-07-23,4.6,Cash,East Coast
4121,jeans,700,2025-07-23,3.6,Credit Card,West Coast
3981,shirt,2700,2025-07-23,4.6,Cash,West Coast
4075,jeans,900,2025-07-24,1.2,Credit Card,East Coast
3979,shirt,600,2025-07-24,4.5,Credit Card,East Coast
4075,jeans,900,2025-07-24,1.2,Credit Card,West Coast
3979,shirt,600,2025-07-24,4.5,Credit Card,West Coast
4039,jeans,900,2025-07-25,3.0,Cash,East Coast
4068,shirt,2600,2025-07-25,1.2,Credit Card,East Coast
4039,jeans,900,2025-07-25,3.0,Cash,West Coast
4068,shirt,2600,2025-07-25,1.2,Credit Card,West Coast
3993,jeans,1700,2025-07-26,4.0,Credit Card,East Coast
4069,shirt,200,2025-07-26,3.4,Cash,East Coast
3993,jeans,1700,2025-07-26,5.0,Credit Card,West Coast
4069,shirt,200,2025-07-26,3.4,Cash,West Coast
3975,jeans,2200,2025-07-27,4.9,Credit Card,East Coast
4105,shirt,1200,2025-07-27,2.0,Credit Card,East Coast
3975,jeans,2200,2025-07-27,4.9,Credit Card,West Coast
4105,shirt,1200,2025-07-27,2.0,Credit Card,West Coast
3989,jeans,800,2025-07-28,1.6,Cash,East Coast
3974,shirt,1300,2025-07-28,4.0,Cash,East Coast
3989,jeans,800,2025-07-28,1.6,Cash,West Coast
3974,shirt,1300,2025-07-28,4.0,Cash,West Coast
4063,jeans,1000,2025-07-29,1.5,Credit Card,East Coast
4031,shirt,2500,2025-07-29,3.1,Cash,East Coast
4063,jeans,1000,2025-07-29,1.5,Credit Card,West Coast
4031,shirt,2500,2025-07-29,3.1,Cash,West Coast
3972,jeans,1900,2025-07-30,2.8,Credit Card,East Coast
4034,shirt,1400,2025-07-30,4.2,Cash,East Coast
3972,jeans,1900,2025-07-30,2.8,Credit Card,West Coast
4034,shirt,1400,2025-07-30,4.2,Cash,West Coast
4096,jeans,1500,2025-07-31,4.4,Cash,East Coast
4062,shirt,2700,2025-07-31,1.7,Credit Card,East Coast
4096,jeans,1500,2025-07-31,4.4,Cash,West Coast
4062,shirt,2700,2025-07-31,1.7,Credit Card,West Coast
4013,jeans,700,2025-08-01,5.0,Credit Card,East Coast
4034,shirt,1400,2025-08-01,2.0,Credit Card,East Coast
4013,jeans,700,2025-08-01,3.0,Credit Card,West Coast
4034,shirt,1400,2025-08-01,2.0,Credit Card,West Coast
4011,jeans,900,2025-08-02,3.4,Cash,East Coast
3967,shirt,2000,2025-08-02,4.9,Credit Card,East Coast
4011,jeans,900,2025-08-02,3.4,Cash,West Coast
3967,shirt,2000,2025-08-02,4.9,Credit Card,West Coast
4069,jeans,200,2025-08-03,1.8,Credit Card,East Coast
4057,shirt,1100,2025-08-03,2.9,Cash,East Coast
4069,jeans,200,2025-08-03,1.8,Credit Card,West Coast
4057,shirt,1100,2025-08-03,2.9,Cash,West Coast
4090,jeans,600,2025-08-04,4.7,Cash,East Coast
4030,shirt,2400,2025-08-04,2.6,Credit Card,East Coast
4090,jeans,600,2025-08-04,4.7,Cash,West Coast
4030,shirt,2400,2025-08-04,2.6,Credit Card,West Coast
4042,jeans,3000,2025-08-05,3.1,Credit Card,East Coast
4026,shirt,1600,2025-08-05,3.1,Credit Card,East Coast
4042,jeans,3000,2025-08-05,3.1,Credit Card,West Coast
4026,shirt,1600,2025-08-05,3.1,Credit Card,West Coast
3997,jeans,1200,2025-08-06,1.0,Credit Card,East Coast
4073,shirt,2400,2025-08-06,4.2,Credit Card,East Coast
3997,jeans,1200,2025-08-06,3.0,Credit Card,West Coast
4073,shirt,2400,2025-08-06,4.2,Credit Card,West Coast
3992,jeans,200,2025-08-07,2.9,Cash,East Coast
3989,shirt,700,2025-08-07,4.7,Credit Card,East Coast
3992,jeans,200,2025-08-07,2.9,Cash,West Coast
3989,shirt,700,2025-08-07,4.7,Credit Card,West Coast
4018,jeans,2200,2025-08-08,2.6,Credit Card,East Coast
4104,shirt,2000,2025-08-08,4.0,Credit Card,East Coast
4018,jeans,2200,2025-08-08,2.6,Credit Card,West Coast
4104,shirt,2000,2025-08-08,4.0,Credit Card,West Coast
4085,jeans,1900,2025-08-09,1.9,Credit Card,East Coast
4001,shirt,1400,2025-08-09,4.4,Credit Card,East Coast
4085,jeans,1900,2025-08-09,1.9,Credit Card,West Coast
4001,shirt,1400,2025-08-09,4.4,Credit Card,West Coast
4055,jeans,800,2025-08-10,4.4,Credit Card,East Coast
4111,shirt,2000,2025-08-10,1.5,Credit Card,East Coast
4055,jeans,800,2025-08-10,4.4,Credit Card,West Coast
4111,shirt,2000,2025-08-10,1.5,Credit Card,West Coast
4099,jeans,1600,2025-08-11,2.8,Cash,East Coast
4103,shirt,1100,2025-08-11,2.6,Cash,East Coast
4099,jeans,1600,2025-08-11,2.8,Cash,West Coast
4103,shirt,1100,2025-08-11,2.6,Cash,West Coast
4054,jeans,2500,2025-08-12,3.8,Cash,East Coast
4108,shirt,1800,2025-08-12,3.1,Cash,East Coast
4054,jeans,2500,2025-08-12,3.8,Cash,West Coast
4108,shirt,1800,2025-08-12,3.1,Cash,West Coast
4042,jeans,2300,2025-08-13,1.9,Credit Card,East Coast
4070,shirt,200,2025-08-13,1.0,Cash,East Coast
4042,jeans,2300,2025-08-13,1.9,Credit Card,West Coast
4070,shirt,200,2025-08-13,3.0,Cash,West Coast
3991,jeans,1400,2025-08-14,4.5,Credit Card,East Coast
4078,shirt,2200,2025-08-14,2.0,Cash,East Coast
3991,jeans,1400,2025-08-14,4.5,Credit Card,West Coast
4078,shirt,2200,2025-08-14,2.0,Cash,West Coast
3966,jeans,900,2025-08-15,4.5,Cash,East Coast
4119,shirt,1800,2025-08-15,4.7,Cash,East Coast
3966,jeans,900,2025-08-15,4.5,Cash,West Coast
4119,shirt,1800,2025-08-15,4.7,Cash,West Coast
4000,jeans,1200,2025-08-16,4.1,Cash,East Coast
4049,shirt,600,2025-08-16,3.3,Credit Card,East Coast
4000,jeans,1200,2025-08-16,4.1,Cash,West Coast
4049,shirt,600,2025-08-16,3.3,Credit Card,West Coast
3972,jeans,800,2025-08-17,3.6,Cash,East Coast
3965,shirt,1100,2025-08-17,4.2,Cash,East Coast
3972,jeans,800,2025-08-17,3.6,Cash,West Coast
3965,shirt,1100,2025-08-17,4.2,Cash,West Coast
4072,jeans,600,2025-08-18,2.7,Credit Card,East Coast
3970,shirt,2900,2025-08-18,2.2,Credit Card,East Coast
4072,jeans,600,2025-08-18,2.7,Credit Card,West Coast
3970,shirt,2900,2025-08-18,2.2,Credit Card,West Coast
4023,jeans,1600,2025-08-19,3.0,Credit Card,East Coast
3960,shirt,3000,2025-08-19,1.1,Cash,East Coast
4023,jeans,1600,2025-08-19,3.0,Credit Card,West Coast
3960,shirt,3000,2025-08-19,1.1,Cash,West Coast
3959,jeans,1900,2025-08-20,3.5,Credit Card,East Coast
3970,shirt,2700,2025-08-20,4.7,Cash,East Coast
3959,jeans,1900,2025-08-20,3.5,Credit Card,West Coast
3970,shirt,2700,2025-08-20,4.7,Cash,West Coast
4111,jeans,1800,2025-08-21,1.9,Credit Card,East Coast
4008,shirt,2200,2025-08-21,1.8,Credit Card,East Coast
4111,jeans,1800,2025-08-21,1.9,Credit Card,West Coast
4008,shirt,2200,2025-08-21,1.8,Credit Card,West Coast
4021,jeans,1800,2025-08-22,1.8,Cash,East Coast
4007,shirt,1700,2025-08-22,4.1,Cash,East Coast
4021,jeans,1800,2025-08-22,1.8,Cash,West Coast
4017,shirt,2200,2025-08-22,1.0,Cash,West Coast
3995,jeans,700,2025-08-23,4.1,Cash,East Coast
4040,shirt,1100,2025-08-23,5.0,Credit Card,East Coast
3995,jeans,700,2025-08-23,4.1,Cash,West Coast
4040,shirt,1100,2025-08-23,1.0,Credit Card,West Coast
4118,jeans,2900,2025-08-24,4.4,Credit Card,East Coast
3997,shirt,1200,2025-08-24,4.8,Credit Card,East Coast
4118,jeans,2900,2025-08-24,4.4,Credit Card,West Coast
3997,shirt,1200,2025-08-24,4.8,Credit Card,West Coast
4088,jeans,2500,2025-08-25,1.8,Cash,East Coast
3978,shirt,2300,2025-08-25,4.0,Cash,East Coast
4088,jeans,2500,2025-08-25,1.8,Cash,West Coast
3978,shirt,2300,2025-08-25,4.0,Cash,West Coast
3983,jeans,100,2025-08-26,3.9,Credit Card,East Coast
4017,shirt,400,2025-08-26,4.5,Cash,East Coast
3983,jeans,100,2025-08-26,3.9,Credit Card,West Coast
4017,shirt,400,2025-08-26,4.5,Cash,West Coast
3957,jeans,600,2025-08-27,2.7,Cash,East Coast
3994,shirt,2600,2025-08-27,3.9,Cash,East Coast
3957,jeans,600,2025-08-27,2.7,Cash,West Coast
3994,shirt,2600,2025-08-27,3.9,Cash,West Coast
4001,jeans,2600,2025-08-28,2.4,Cash,East Coast
4029,shirt,300,2025-08-28,2.0,Credit Card,East Coast
4001,jeans,2600,2025-08-28,2.4,Cash,West Coast
4029,shirt,300,2025-08-28,5.0,Credit Card,West Coast
3982,jeans,2500,2025-08-29,3.1,Credit Card,East Coast
3993,shirt,1400,2025-08-29,4.4,Credit Card,East Coast
3982,jeans,2500,2025-08-29,3.1,Credit Card,West Coast
3993,shirt,1400,2025-08-29,4.4,Credit Card,West Coast
4060,jeans,600,2025-08-30,2.8,Credit Card,East Coast
4044,shirt,2200,2025-08-30,4.1,Cash,East Coast
4060,jeans,600,2025-08-30,2.8,Credit Card,West Coast
4044,shirt,2200,2025-08-30,4.1,Cash,West Coast
4099,jeans,2500,2025-08-31,2.9,Credit Card,East Coast
4113,shirt,1400,2025-08-31,1.5,Cash,East Coast
4099,jeans,2500,2025-08-31,2.9,Credit Card,West Coast
4113,shirt,1400,2025-08-31,1.5,Cash,West Coast
4113,jeans,2100,2025-09-01,3.1,Credit Card,East Coast
4021,shirt,1400,2025-09-01,1.3,Cash,East Coast
4113,jeans,2100,2025-09-01,3.1,Credit Card,West Coast
4021,shirt,1400,2025-09-01,1.3,Cash,West Coast
4021,jeans,2000,2025-09-02,3.3,Cash,East Coast
3984,shirt,2800,2025-09-02,1.0,Credit Card,East Coast
4021,jeans,2000,2025-09-02,3.3,Cash,West Coast
3984,shirt,2800,2025-09-02,1.0,Credit Card,West Coast
4102,jeans,2100,2025-09-03,1.7,Cash,East Coast
3976,shirt,1500,2025-09-03,4.4,Cash,East Coast
4102,jeans,2100,2025-09-03,1.7,Cash,West Coast
3976,shirt,1500,2025-09-03,4.4,Cash,West Coast
4097,jeans,1800,2025-09-04,4.1,Cash,East Coast
3988,shirt,2500,2025-09-04,4.0,Credit Card,East Coast
4097,jeans,1800,2025-09-04,4.1,Cash,West Coast
3988,shirt,2500,2025-09-04,4.0,Credit Card,West Coast
4067,jeans,2600,2025-09-05,3.1,Cash,East Coast
4093,shirt,2500,2025-09-05,2.1,Cash,East Coast
4067,jeans,2600,2025-09-05,3.1,Cash,West Coast
4093,shirt,2500,2025-09-05,2.1,Cash,West Coast
4002,jeans,1300,2025-09-06,1.8,Cash,East Coast
3980,shirt,1700,2025-09-06,2.2,Credit Card,East Coast
4002,jeans,1300,2025-09-06,1.8,Cash,West Coast
3980,shirt,1700,2025-09-06,2.2,Credit Card,West Coast
3999,jeans,1000,2025-09-07,3.4,Credit Card,East Coast
4104,shirt,600,2025-09-07,2.1,Cash,East Coast
3999,jeans,1000,2025-09-07,3.4,Credit Card,West Coast
4104,shirt,600,2025-09-07,2.1,Cash,West Coast
4091,jeans,2700,2025-09-08,2.3,Cash,East Coast
4114,shirt,2600,2025-09-08,4.0,Cash,East Coast
4091,jeans,2700,2025-09-08,2.3,Cash,West Coast
4114,shirt,2600,2025-09-08,4.0,Cash,West Coast
4048,jeans,2500,2025-09-09,2.6,Cash,East Coast
4012,shirt,100,2025-09-09,2.9,Credit Card,East Coast
4048,jeans,2500,2025-09-09,2.6,Cash,West Coast
4012,shirt,100,2025-09-09,2.9,Credit Card,West Coast
4093,jeans,2400,2025-09-10,1.0,Credit Card,East Coast
4070,shirt,1600,2025-09-10,1.1,Cash,East Coast
4093,jeans,2400,2025-09-10,3.0,Credit Card,West Coast
4070,shirt,1600,2025-09-10,1.1,Cash,West Coast
4038,jeans,2400,2025-09-11,4.2,Cash,East Coast
3981,shirt,1400,2025-09-11,3.6,Cash,East Coast
4038,jeans,2400,2025-09-11,4.2,Cash,West Coast
3981,shirt,1400,2025-09-11,3.6,Cash,West Coast
4077,jeans,2900,2025-09-12,4.6,Credit Card,East Coast
4043,shirt,100,2025-09-12,1.8,Credit Card,East Coast
4077,jeans,2900,2025-09-12,4.6,Credit Card,West Coast
4043,shirt,100,2025-09-12,1.8,Credit Card,West Coast
4056,jeans,2400,2025-09-13,1.0,Cash,East Coast
4087,shirt,3000,2025-09-13,2.6,Credit Card,East Coast
4056,jeans,2400,2025-09-13,1.0,Cash,West Coast
4087,shirt,3000,2025-09-13,2.6,Credit Card,West Coast
4121,jeans,800,2025-09-14,3.4,Credit Card,East Coast
3994,shirt,1800,2025-09-14,4.7,Credit Card,East Coast
4121,jeans,800,2025-09-14,3.4,Credit Card,West Coast
3994,shirt,1800,2025-09-14,4.7,Credit Card,West Coast
4121,jeans,2500,2025-09-15,1.0,Cash,East Coast
4090,shirt,2700,2025-09-15,1.3,Credit Card,East Coast
4121,jeans,2500,2025-09-15,1.0,Cash,West Coast
4090,shirt,2700,2025-09-15,1.3,Credit Card,West Coast
4082,jeans,1000,2025-09-16,2.3,Credit Card,East Coast
4102,shirt,400,2025-09-16,3.6,Credit Card,East Coast
4082,jeans,1000,2025-09-16,2.3,Credit Card,West Coast
4102,shirt,400,2025-09-16,3.6,Credit Card,West Coast
4104,jeans,2900,2025-09-17,3.0,Credit Card,East Coast
3982,shirt,2300,2025-09-17,4.0,Credit Card,East Coast
4104,jeans,2900,2025-09-17,3.0,Credit Card,West Coast
3982,shirt,2300,2025-09-17,4.0,Credit Card,West Coast
4050,jeans,900,2025-09-18,2.8,Cash,East Coast
3970,shirt,1200,2025-09-18,3.2,Credit Card,East Coast
4050,jeans,900,2025-09-18,2.8,Cash,West Coast
3970,shirt,1200,2025-09-18,3.2,Credit Card,West Coast
4060,jeans,2600,2025-09-19,1.2,Cash,East Coast
4016,shirt,1500,2025-09-19,1.6,Credit Card,East Coast
4060,jeans,2600,2025-09-19,1.2,Cash,West Coast
4016,shirt,1500,2025-09-19,1.6,Credit Card,West Coast
4070,jeans,2200,2025-09-20,3.2,Credit Card,East Coast
4001,shirt,2300,2025-09-20,3.9,Cash,East Coast
4070,jeans,2200,2025-09-20,3.2,Credit Card,West Coast
4001,shirt,2300,2025-09-20,3.9,Cash,West Coast
4003,jeans,2300,2025-09-21,2.3,Credit Card,East Coast
4117,shirt,1700,2025-09-21,5.0,Credit Card,East Coast
4003,jeans,2300,2025-09-21,2.3,Credit Card,West Coast
4117,shirt,1700,2025-09-21,5.0,Credit Card,West Coast
4027,jeans,1100,2025-09-22,3.6,Cash,East Coast
4010,shirt,2700,2025-09-22,2.0,Credit Card,East Coast
4027,jeans,1100,2025-09-22,3.6,Cash,West Coast
4010,shirt,2700,2025-09-22,2.0,Credit Card,West Coast
4054,jeans,1500,2025-09-23,2.1,Credit Card,East Coast
4056,shirt,2100,2025-09-23,2.9,Credit Card,East Coast
4054,jeans,1500,2025-09-23,2.1,Credit Card,West Coast
4056,shirt,2100,2025-09-23,2.9,Credit Card,West Coast
4109,jeans,2600,2025-09-24,1.0,Credit Card,East Coast
4001,shirt,1800,2025-09-24,2.2,Cash,East Coast
4109,jeans,2600,2025-09-24,1.0,Credit Card,West Coast
4001,shirt,1800,2025-09-24,2.2,Cash,West Coast
3966,jeans,2100,2025-09-25,3.6,Credit Card,East Coast
4014,shirt,900,2025-09-25,3.4,Credit Card,East Coast
3966,jeans,2100,2025-09-25,3.6,Credit Card,West Coast
4014,shirt,900,2025-09-25,3.4,Credit Card,West Coast
4114,jeans,1400,2025-09-26,3.8,Cash,East Coast
4081,shirt,300,2025-09-26,2.9,Credit Card,East Coast
4114,jeans,1400,2025-09-26,3.8,Cash,West Coast
4081,shirt,300,2025-09-26,2.9,Credit Card,West Coast
4029,jeans,2300,2025-09-27,3.7,Cash,East Coast
3985,shirt,2300,2025-09-27,1.7,Cash,East Coast
4029,jeans,2300,2025-09-27,3.7,Cash,West Coast
3985,shirt,2300,2025-09-27,1.7,Cash,West Coast
3958,jeans,1400,2025-09-28,1.1,Cash,East Coast
4070,shirt,900,2025-09-28,2.9,Credit Card,East Coast
3958,jeans,1400,2025-09-28,1.1,Cash,West Coast
4070,shirt,900,2025-09-28,2.9,Credit Card,West Coast
4041,jeans,2000,2025-09-29,2.1,Cash,East Coast
3976,shirt,1100,2025-09-29,4.9,Credit Card,East Coast
4041,jeans,2000,2025-09-29,2.1,Cash,West Coast
3976,shirt,1100,2025-09-29,4.9,Credit Card,West Coast
4108,jeans,1800,2025-09-30,4.1,Credit Card,East Coast
4117,shirt,2100,2025-09-30,2.1,Cash,East Coast
4108,jeans,1800,2025-09-30,4.1,Credit Card,West Coast
4117,shirt,2100,2025-09-30,2.1,Cash,West Coast
3996,jeans,2200,2025-10-01,3.7,Credit Card,East Coast
4051,shirt,2100,2025-10-01,2.8,Credit Card,East Coast
3996,jeans,2200,2025-10-01,3.7,Credit Card,West Coast
4051,shirt,2100,2025-10-01,2.8,Credit Card,West Coast
4049,jeans,1600,2025-10-02,1.8,Cash,East Coast
3976,shirt,2900,2025-10-02,4.3,Credit Card,East Coast
4049,jeans,1600,2025-10-02,1.8,Cash,West Coast
3976,shirt,2900,2025-10-02,4.3,Credit Card,West Coast
4052,jeans,100,2025-10-03,4.0,Cash,East Coast
4006,shirt,100,2025-10-03,1.8,Cash,East Coast
4052,jeans,100,2025-10-03,4.0,Cash,West Coast
4006,shirt,100,2025-10-03,1.8,Cash,West Coast
4050,jeans,1800,2025-10-04,3.1,Credit Card,East Coast
4063,shirt,500,2025-10-04,2.1,Credit Card,East Coast
4050,jeans,1800,2025-10-04,3.1,Credit Card,West Coast
4063,shirt,500,2025-10-04,2.1,Credit Card,West Coast
4004,jeans,2500,2025-10-05,2.9,Cash,East Coast
4073,shirt,1000,2025-10-05,1.2,Credit Card,East Coast
4004,jeans,2500,2025-10-05,2.9,Cash,West Coast
4073,shirt,1000,2025-10-05,1.2,Credit Card,West Coast
3972,jeans,800,2025-10-06,4.4,Cash,East Coast
4078,shirt,2600,2025-10-06,1.6,Credit Card,East Coast
3972,jeans,800,2025-10-06,4.4,Cash,West Coast
4078,shirt,2600,2025-10-06,1.6,Credit Card,West Coast
4102,jeans,900,2025-10-07,3.0,Credit Card,East Coast
3965,shirt,1000,2025-10-07,2.1,Cash,East Coast
4102,jeans,900,2025-10-07,3.0,Credit Card,West Coast
3965,shirt,1000,2025-10-07,2.1,Cash,West Coast
4113,jeans,2600,2025-10-08,1.3,Cash,East Coast
4011,shirt,200,2025-10-08,4.6,Cash,East Coast
4113,jeans,2600,2025-10-08,1.3,Cash,West Coast
4011,shirt,200,2025-10-08,4.6,Cash,West Coast
4031,jeans,2500,2025-10-09,3.5,Cash,East Coast
4074,shirt,2100,2025-10-09,2.7,Credit Card,East Coast
4031,jeans,2500,2025-10-09,3.5,Cash,West Coast
4074,shirt,2100,2025-10-09,2.7,Credit Card,West Coast
4067,jeans,1200,2025-10-10,3.9,Cash,East Coast
4078,shirt,1500,2025-10-10,2.1,Credit Card,East Coast
4067,jeans,1200,2025-10-10,3.9,Cash,West Coast
4078,shirt,1500,2025-10-10,2.1,Credit Card,West Coast
4051,jeans,2300,2025-10-11,4.6,Cash,East Coast
3972,shirt,500,2025-10-11,4.9,Cash,East Coast
4051,jeans,2300,2025-10-11,4.6,Cash,West Coast
3972,shirt,500,2025-10-11,4.9,Cash,West Coast
3979,jeans,2200,2025-10-12,4.1,Cash,East Coast
4034,shirt,2500,2025-10-12,1.5,Credit Card,East Coast
3979,jeans,2200,2025-10-12,4.1,Cash,West Coast
4034,shirt,2500,2025-10-12,1.5,Credit Card,West Coast
4066,jeans,2000,2025-10-13,1.0,Cash,East Coast
4086,shirt,1500,2025-10-13,3.6,Cash,East Coast
4066,jeans,2000,2025-10-13,2.0,Cash,West Coast
4086,shirt,1500,2025-10-13,3.6,Cash,West Coast
4101,jeans,1700,2025-10-14,4.0,Credit Card,East Coast
4037,shirt,2500,2025-10-14,4.1,Cash,East Coast
4101,jeans,1700,2025-10-14,4.0,Credit Card,West Coast
4037,shirt,2500,2025-10-14,4.1,Cash,West Coast
3975,jeans,800,2025-10-15,2.3,Credit Card,East Coast
4094,shirt,2200,2025-10-15,1.8,Credit Card,East Coast
3975,jeans,800,2025-10-15,2.3,Credit Card,West Coast
4094,shirt,2200,2025-10-15,1.8,Credit Card,West Coast
3961,jeans,2200,2025-10-16,4.0,Cash,East Coast
4115,shirt,2700,2025-10-16,3.2,Cash,East Coast
3961,jeans,2200,2025-10-16,3.0,Cash,West Coast
4115,shirt,2700,2025-10-16,3.2,Cash,West Coast
4059,jeans,2300,2025-10-17,4.8,Cash,East Coast
4026,shirt,700,2025-10-17,4.0,Cash,East Coast
4059,jeans,2300,2025-10-17,4.8,Cash,West Coast
4026,shirt,700,2025-10-17,4.0,Cash,West Coast
4183,jeans,2400,2025-10-18,2.8,Cash,East Coast
4083,shirt,1300,2025-10-18,3.7,Credit Card,East Coast
4100,jeans,1200,2025-10-18,2.0,Credit Card,West Coast
4083,shirt,1300,2025-10-18,3.7,Credit Card,West Coast
4055,jeans,1800,2025-10-19,1.3,Cash,East Coast
3981,shirt,2400,2025-10-19,1.8,Credit Card,East Coast
4055,jeans,1800,2025-10-19,1.3,Cash,West Coast
3981,shirt,2400,2025-10-19,1.8,Credit Card,West Coast
4003,jeans,400,2025-10-20,1.6,Credit Card,East Coast
4049,shirt,2400,2025-10-20,5.0,Credit Card,East Coast
4003,jeans,400,2025-10-20,1.6,Credit Card,West Coast
4049,shirt,2400,2025-10-20,3.0,Credit Card,West Coast
4083,jeans,1400,2025-10-21,2.7,Credit Card,East Coast
4078,shirt,400,2025-10-21,4.2,Credit Card,East Coast
4083,jeans,1400,2025-10-21,2.7,Credit Card,West Coast
4078,shirt,400,2025-10-21,4.2,Credit Card,West Coast
4120,jeans,1400,2025-10-22,4.0,Cash,East Coast
4115,shirt,400,2025-10-22,2.0,Credit Card,East Coast
4120,jeans,1400,2025-10-22,4.0,Cash,West Coast
4115,shirt,400,2025-10-22,2.0,Credit Card,West Coast
3973,jeans,2000,2025-10-23,3.0,Cash,East Coast
4104,shirt,500,2025-10-23,1.8,Cash,East Coast
3973,jeans,2000,2025-10-23,3.0,Cash,West Coast
4104,shirt,500,2025-10-23,1.8,Cash,West Coast
3995,jeans,700,2025-10-24,3.3,Credit Card,East Coast
4049,shirt,300,2025-10-24,3.0,Cash,East Coast
3995,jeans,700,2025-10-24,3.3,Credit Card,West Coast
4049,shirt,300,2025-10-24,3.0,Cash,West Coast
4113,jeans,1900,2025-10-25,1.1,Credit Card,East Coast
3999,shirt,1100,2025-10-25,2.6,Cash,East Coast
4113,jeans,1900,2025-10-25,1.1,Credit Card,West Coast
3999,shirt,1100,2025-10-25,2.6,Cash,West Coast
4095,jeans,800,2025-10-26,1.3,Credit Card,East Coast
3994,shirt,2400,2025-10-26,2.5,Credit Card,East Coast
4095,jeans,800,2025-10-26,1.3,Credit Card,West Coast
3994,shirt,2400,2025-10-26,2.5,Credit Card,West Coast
4030,jeans,1400,2025-10-27,3.6,Cash,East Coast
4083,shirt,2100,2025-10-27,2.3,Credit Card,East Coast
4030,jeans,1400,2025-10-27,3.6,Cash,West Coast
4083,shirt,2100,2025-10-27,2.3,Credit Card,West Coast
4017,jeans,1000,2025-10-28,3.6,Credit Card,East Coast
4024,shirt,1200,2025-10-28,2.2,Credit Card,East Coast
4017,jeans,1000,2025-10-28,3.6,Credit Card,West Coast
4024,shirt,1200,2025-10-28,2.2,Credit Card,West Coast
4068,jeans,200,2025-10-29,2.5,Cash,East Coast
3973,shirt,1000,2025-10-29,1.8,Cash,East Coast
4068,jeans,200,2025-10-29,2.5,Cash,West Coast
3973,shirt,1000,2025-10-29,1.8,Cash,West Coast
4094,jeans,200,2025-10-30,5.0,Cash,East Coast
4098,shirt,1200,2025-10-30,1.7,Cash,East Coast
4094,jeans,200,2025-10-30,5.0,Cash,West Coast
4098,shirt,1200,2025-10-30,1.7,Cash,West Coast
4032,jeans,800,2025-10-31,4.8,Cash,East Coast
4056,shirt,2400,2025-10-31,4.1,Cash,East Coast
4032,jeans,800,2025-10-31,4.8,Cash,West Coast
4056,shirt,2400,2025-10-31,4.1,Cash,West Coast
4093,jeans,2000,2025-11-01,3.7,Cash,East Coast
4109,shirt,200,2025-11-01,3.0,Credit Card,East Coast
4093,jeans,2000,2025-11-01,3.7,Cash,West Coast
4109,shirt,200,2025-11-01,2.0,Credit Card,West Coast
3975,jeans,100,2025-11-02,4.0,Cash,East Coast
4086,shirt,700,2025-11-02,5.0,Credit Card,East Coast
3975,jeans,100,2025-11-02,4.0,Cash,West Coast
4086,shirt,700,2025-11-02,5.0,Credit Card,West Coast
4077,jeans,100,2025-11-03,3.2,Credit Card,East Coast
4115,shirt,3000,2025-11-03,4.1,Credit Card,East Coast
4077,jeans,100,2025-11-03,3.2,Credit Card,West Coast
4115,shirt,3000,2025-11-03,4.1,Credit Card,West Coast
3976,jeans,2200,2025-11-04,2.1,Credit Card,East Coast
4035,shirt,700,2025-11-04,4.9,Credit Card,East Coast
3976,jeans,2200,2025-11-04,2.1,Credit Card,West Coast
4035,shirt,700,2025-11-04,4.9,Credit Card,West Coast
3999,jeans,500,2025-11-05,4.2,Credit Card,East Coast
3990,shirt,2900,2025-11-05,2.5,Credit Card,East Coast
3999,jeans,500,2025-11-05,4.2,Credit Card,West Coast
3990,shirt,2900,2025-11-05,2.5,Credit Card,West Coast
4026,jeans,200,2025-11-06,3.1,Credit Card,East Coast
4082,shirt,1300,2025-11-06,3.7,Cash,East Coast
4026,jeans,200,2025-11-06,3.1,Credit Card,West Coast
4082,shirt,1300,2025-11-06,3.7,Cash,West Coast
4018,jeans,300,2025-11-07,2.7,Credit Card,East Coast
4006,shirt,2500,2025-11-07,1.4,Cash,East Coast
4018,jeans,300,2025-11-07,2.7,Credit Card,West Coast
4006,shirt,2500,2025-11-07,1.4,Cash,West Coast
4105,jeans,1300,2025-11-08,4.4,Credit Card,East Coast
4078,shirt,2700,2025-11-08,4.5,Cash,East Coast
4105,jeans,1300,2025-11-08,4.4,Credit Card,West Coast
4078,shirt,2700,2025-11-08,4.5,Cash,West Coast
3994,jeans,200,2025-11-09,3.8,Credit Card,East Coast
4105,shirt,2100,2025-11-09,1.7,Credit Card,East Coast
3994,jeans,200,2025-11-09,3.8,Credit Card,West Coast
4105,shirt,2100,2025-11-09,1.7,Credit Card,West Coast
4059,jeans,2300,2025-11-10,2.7,Cash,East Coast
3984,shirt,800,2025-11-10,1.6,Cash,East Coast
4059,jeans,2300,2025-11-10,2.7,Cash,West Coast
3984,shirt,800,2025-11-10,1.6,Cash,West Coast
4111,jeans,2000,2025-11-11,3.6,Credit Card,East Coast
4102,shirt,500,2025-11-11,2.0,Credit Card,East Coast
4111,jeans,2000,2025-11-11,3.6,Credit Card,West Coast
4102,shirt,500,2025-11-11,2.0,Credit Card,West Coast
3987,jeans,1600,2025-11-12,2.5,Credit Card,East Coast
4044,shirt,1900,2025-11-12,1.2,Credit Card,East Coast
3987,jeans,1600,2025-11-12,2.5,Credit Card,West Coast
4044,shirt,1900,2025-11-12,1.2,Credit Card,West Coast
4031,jeans,2300,2025-11-13,1.3,Credit Card,East Coast
3968,shirt,2500,2025-11-13,2.6,Credit Card,East Coast
4031,jeans,2300,2025-11-13,1.3,Credit Card,West Coast
3968,shirt,2500,2025-11-13,2.6,Credit Card,West Coast
4024,jeans,2200,2025-11-14,3.6,Credit Card,East Coast
4036,shirt,2100,2025-11-14,3.8,Credit Card,East Coast
4024,jeans,2200,2025-11-14,3.6,Credit Card,West Coast
4036,shirt,2100,2025-11-14,3.8,Credit Card,West Coast
4070,jeans,2700,2025-11-15,4.9,Cash,East Coast
3969,shirt,800,2025-11-15,3.8,Cash,East Coast
4070,jeans,2700,2025-11-15,4.9,Cash,West Coast
3969,shirt,800,2025-11-15,3.8,Cash,West Coast
4029,jeans,700,2025-11-16,3.4,Credit Card,East Coast
4113,shirt,1900,2025-11-16,1.1,Credit Card,East Coast
4029,jeans,700,2025-11-16,3.4,Credit Card,West Coast
4113,shirt,1900,2025-11-16,1.1,Credit Card,West Coast
4111,jeans,2500,2025-11-17,4.9,Credit Card,East Coast
4122,shirt,1400,2025-11-17,4.2,Cash,East Coast
4111,jeans,2500,2025-11-17,4.9,Credit Card,West Coast
4122,shirt,1400,2025-11-17,4.2,Cash,West Coast
4047,jeans,700,2025-11-18,2.0,Cash,East Coast
4021,shirt,300,2025-11-18,2.4,Credit Card,East Coast
4047,jeans,700,2025-11-18,2.0,Cash,West Coast
4021,shirt,300,2025-11-18,2.4,Credit Card,West Coast
4017,jeans,2700,2025-11-19,3.5,Cash,East Coast
4084,shirt,100,2025-11-19,1.3,Credit Card,East Coast
4017,jeans,2700,2025-11-19,3.5,Cash,West Coast
4084,shirt,100,2025-11-19,1.3,Credit Card,West Coast
4098,jeans,2000,2025-11-20,3.2,Credit Card,East Coast
3989,shirt,1100,2025-11-20,4.9,Credit Card,East Coast
4098,jeans,2000,2025-11-20,3.2,Credit Card,West Coast
3989,shirt,1100,2025-11-20,4.9,Credit Card,West Coast
4004,jeans,2200,2025-11-21,2.5,Cash,East Coast
4081,shirt,1600,2025-11-21,2.9,Cash,East Coast
4004,jeans,2200,2025-11-21,2.5,Cash,West Coast
4081,shirt,1600,2025-11-21,2.9,Cash,West Coast
4073,jeans,1300,2025-11-22,2.0,Credit Card,East Coast
3990,shirt,100,2025-11-22,1.4,Credit Card,East Coast
4073,jeans,1300,2025-11-22,2.0,Credit Card,West Coast
3990,shirt,100,2025-11-22,1.4,Credit Card,West Coast
4000,jeans,1800,2025-11-23,3.6,Cash,East Coast
4092,shirt,2000,2025-11-23,4.2,Credit Card,East Coast
4000,jeans,1800,2025-11-23,3.6,Cash,West Coast
4092,shirt,2000,2025-11-23,4.2,Credit Card,West Coast
3996,jeans,2500,2025-11-24,2.5,Credit Card,East Coast
4111,shirt,600,2025-11-24,4.2,Credit Card,East Coast
3996,jeans,2500,2025-11-24,2.5,Credit Card,West Coast
4111,shirt,600,2025-11-24,4.2,Credit Card,West Coast
4118,jeans,500,2025-11-25,5.0,Credit Card,East Coast
3991,shirt,2800,2025-11-25,5.0,Credit Card,East Coast
4118,jeans,500,2025-11-25,5.0,Credit Card,West Coast
3991,shirt,2800,2025-11-25,1.0,Credit Card,West Coast
4094,jeans,2400,2025-11-26,1.1,Cash,East Coast
4090,shirt,1100,2025-11-26,1.1,Cash,East Coast
4094,jeans,2400,2025-11-26,1.1,Cash,West Coast
4090,shirt,1100,2025-11-26,1.1,Cash,West Coast
4075,jeans,1300,2025-11-27,2.4,Credit Card,East Coast
4063,shirt,1200,2025-11-27,4.1,Credit Card,East Coast
4075,jeans,1300,2025-11-27,2.4,Credit Card,West Coast
4063,shirt,1200,2025-11-27,4.1,Credit Card,West Coast
4093,jeans,2300,2025-11-28,1.0,Cash,East Coast
3983,shirt,2000,2025-11-28,2.1,Cash,East Coast
4093,jeans,2300,2025-11-28,1.0,Cash,West Coast
3983,shirt,2000,2025-11-28,2.1,Cash,West Coast
3965,jeans,2100,2025-11-29,4.5,Cash,East Coast
3962,shirt,1400,2025-11-29,3.6,Credit Card,East Coast
3965,jeans,2100,2025-11-29,4.5,Cash,West Coast
3962,shirt,1400,2025-11-29,3.6,Credit Card,West Coast
4070,jeans,2600,2025-11-30,2.1,Cash,East Coast
4009,shirt,1200,2025-11-30,4.8,Cash,East Coast
4070,jeans,2600,2025-11-30,2.1,Cash,West Coast
4009,shirt,1200,2025-11-30,4.8,Cash,West Coast
4029,jeans,1900,2025-12-01,2.4,Credit Card,East Coast
4026,shirt,1600,2025-12-01,3.3,Cash,East Coast
4029,jeans,1900,2025-12-01,2.4,Credit Card,West Coast
4026,shirt,1600,2025-12-01,3.3,Cash,West Coast
3989,jeans,2600,2025-12-02,4.4,Cash,East Coast
4023,shirt,1000,2025-12-02,3.1,Cash,East Coast
3989,jeans,2600,2025-12-02,4.4,Cash,West Coast
4023,shirt,1000,2025-12-02,3.1,Cash,West Coast
4013,jeans,1000,2025-12-03,1.1,Cash,East Coast
4011,shirt,2500,2025-12-03,1.4,Cash,East Coast
4013,jeans,1000,2025-12-03,1.1,Cash,West Coast
4011,shirt,2500,2025-12-03,1.4,Cash,West Coast
3991,jeans,400,2025-12-04,2.8,Cash,East Coast
4057,shirt,1900,2025-12-04,1.7,Cash,East Coast
3991,jeans,400,2025-12-04,2.8,Cash,West Coast
4057,shirt,1900,2025-12-04,1.7,Cash,West Coast
4020,jeans,2200,2025-12-05,2.8,Cash,East Coast
4068,shirt,1300,2025-12-05,3.6,Credit Card,East Coast
4020,jeans,2200,2025-12-05,2.8,Cash,West Coast
4068,shirt,1300,2025-12-05,3.6,Credit Card,West Coast
4040,jeans,800,2025-12-06,3.8,Cash,East Coast
3995,shirt,200,2025-12-06,2.0,Credit Card,East Coast
4040,jeans,800,2025-12-06,3.8,Cash,West Coast
3995,shirt,200,2025-12-06,2.0,Credit Card,West Coast
4068,jeans,2800,2025-12-07,1.1,Cash,East Coast
4024,shirt,1400,2025-12-07,3.6,Credit Card,East Coast
4068,jeans,2800,2025-12-07,1.1,Cash,West Coast
4024,shirt,1400,2025-12-07,3.6,Credit Card,West Coast
4022,jeans,900,2025-12-08,3.9,Cash,East Coast
4020,shirt,2900,2025-12-08,3.8,Cash,East Coast
4022,jeans,900,2025-12-08,3.9,Cash,West Coast
4020,shirt,2900,2025-12-08,3.8,Cash,West Coast
3961,jeans,3000,2025-12-09,3.7,Cash,East Coast
4002,shirt,1200,2025-12-09,4.7,Credit Card,East Coast
3961,jeans,3000,2025-12-09,3.7,Cash,West Coast
4002,shirt,1200,2025-12-09,4.7,Credit Card,West Coast
3971,jeans,2000,2025-12-10,3.2,Cash,East Coast
3961,shirt,500,2025-12-10,3.2,Cash,East Coast
3971,jeans,2000,2025-12-10,3.2,Cash,West Coast
3961,shirt,500,2025-12-10,3.2,Cash,West Coast
4098,jeans,2900,2025-12-11,4.0,Cash,East Coast
3988,shirt,1000,2025-12-11,3.5,Credit Card,East Coast
4098,jeans,2900,2025-12-11,1.0,Cash,West Coast
3988,shirt,1000,2025-12-11,3.5,Credit Card,West Coast
4051,jeans,400,2025-12-12,2.0,Credit Card,East Coast
4033,shirt,1700,2025-12-12,4.9,Cash,East Coast
4051,jeans,400,2025-12-12,2.0,Credit Card,West Coast
4033,shirt,1700,2025-12-12,4.9,Cash,West Coast
4112,jeans,2500,2025-12-13,4.0,Credit Card,East Coast
4081,shirt,1600,2025-12-13,1.2,Credit Card,East Coast
4112,jeans,2500,2025-12-13,1.0,Credit Card,West Coast
4081,shirt,1600,2025-12-13,1.2,Credit Card,West Coast
4088,jeans,500,2025-12-14,1.2,Credit Card,East Coast
4004,shirt,2000,2025-12-14,1.7,Cash,East Coast
4088,jeans,500,2025-12-14,1.2,Credit Card,West Coast
4004,shirt,2000,2025-12-14,1.7,Cash,West Coast
3983,jeans,2700,2025-12-15,3.5,Cash,East Coast
4117,shirt,1700,2025-12-15,1.6,Credit Card,East Coast
3983,jeans,2700,2025-12-15,3.5,Cash,West Coast
4117,shirt,1700,2025-12-15,1.6,Credit Card,West Coast
4113,jeans,600,2025-12-16,4.8,Cash,East Coast
4108,shirt,3000,2025-12-16,2.8,Cash,East Coast
4113,jeans,600,2025-12-16,4.8,Cash,West Coast
4108,shirt,3000,2025-12-16,2.8,Cash,West Coast
3963,jeans,900,2025-12-17,4.9,Credit Card,East Coast
3996,shirt,900,2025-12-17,1.6,Cash,East Coast
3963,jeans,900,2025-12-17,4.9,Credit Card,West Coast
3996,shirt,900,2025-12-17,1.6,Cash,West Coast
4051,jeans,2900,2025-12-18,1.3,Cash,East Coast
4092,shirt,2500,2025-12-18,4.0,Credit Card,East Coast
4051,jeans,2900,2025-12-18,1.3,Cash,West Coast
4092,shirt,2500,2025-12-18,4.0,Credit Card,West Coast
4008,jeans,2000,2025-12-19,3.4,Cash,East Coast
4106,shirt,1600,2025-12-19,3.4,Credit Card,East Coast
4008,jeans,2000,2025-12-19,3.4,Cash,West Coast
4106,shirt,1600,2025-12-19,3.4,Credit Card,West Coast
3997,jeans,500,2025-12-20,2.1,Credit Card,East Coast
3979,shirt,1000,2025-12-20,1.9,Cash,East Coast
3997,jeans,500,2025-12-20,2.1,Credit Card,West Coast
3979,shirt,1000,2025-12-20,1.9,Cash,West Coast
4004,jeans,300,2025-12-21,2.6,Credit Card,East Coast
4051,shirt,600,2025-12-21,3.2,Credit Card,East Coast
4004,jeans,300,2025-12-21,2.6,Credit Card,West Coast
4051,shirt,600,2025-12-21,3.2,Credit Card,West Coast
4100,jeans,1700,2025-12-22,3.0,Credit Card,East Coast
3981,shirt,1400,2025-12-22,2.8,Credit Card,East Coast
4100,jeans,1700,2025-12-22,4.0,Credit Card,West Coast
3981,shirt,1400,2025-12-22,2.8,Credit Card,West Coast
4032,jeans,2300,2025-12-23,3.4,Cash,East Coast
4078,shirt,2300,2025-12-23,2.6,Credit Card,East Coast
4032,jeans,2300,2025-12-23,3.4,Cash,West Coast
4078,shirt,2300,2025-12-23,2.6,Credit Card,West Coast
4032,jeans,2200,2025-12-24,3.2,Cash,East Coast
4108,shirt,1900,2025-12-24,1.1,Cash,East Coast
4032,jeans,2200,2025-12-24,3.2,Cash,West Coast
4108,shirt,1900,2025-12-24,1.1,Cash,West Coast
3975,jeans,1800,2025-12-25,2.7,Cash,East Coast
4037,shirt,800,2025-12-25,2.3,Credit Card,East Coast
3975,jeans,1800,2025-12-25,2.7,Cash,West Coast
4037,shirt,800,2025-12-25,2.3,Credit Card,West Coast
4080,jeans,1600,2025-12-26,2.4,Cash,East Coast
3960,shirt,3000,2025-12-26,2.0,Credit Card,East Coast
4080,jeans,1600,2025-12-26,2.4,Cash,West Coast
3960,shirt,3000,2025-12-26,2.0,Credit Card,West Coast
3992,jeans,1500,2025-12-27,2.3,Credit Card,East Coast
3964,shirt,600,2025-12-27,2.2,Credit Card,East Coast
3992,jeans,1500,2025-12-27,2.3,Credit Card,West Coast
3964,shirt,600,2025-12-27,2.2,Credit Card,West Coast
4073,jeans,2400,2025-12-28,3.5,Cash,East Coast
3991,shirt,100,2025-12-28,2.0,Credit Card,East Coast
4073,jeans,2400,2025-12-28,3.5,Cash,West Coast
3991,shirt,100,2025-12-28,2.0,Credit Card,West Coast
4001,jeans,2000,2025-12-29,3.3,Cash,East Coast
3988,shirt,2300,2025-12-29,4.4,Credit Card,East Coast
4001,jeans,2000,2025-12-29,3.3,Cash,West Coast
3988,shirt,2300,2025-12-29,4.4,Credit Card,West Coast
4012,jeans,600,2025-12-30,1.9,Credit Card,East Coast
4090,shirt,2800,2025-12-30,2.1,Cash,East Coast
4012,jeans,600,2025-12-30,1.9,Credit Card,West Coast
4090,shirt,2800,2025-12-30,2.1,Cash,West Coast
4072,jeans,100,2025-12-31,3.8,Credit Card,East Coast
3963,shirt,300,2025-12-31,3.5,Cash,East Coast
4072,jeans,100,2025-12-31,3.8,Credit Card,West Coast
3963,shirt,300,2025-12-31,3.5,Cash,West Coast
4115,jeans,2900,2026-01-01,2.8,Cash,East Coast
4046,shirt,300,2026-01-01,4.1,Cash,East Coast
4115,jeans,2900,2026-01-01,2.8,Cash,West Coast
4046,shirt,300,2026-01-01,4.1,Cash,West Coast
4098,jeans,1600,2026-01-02,3.5,Credit Card,East Coast
3970,shirt,3000,2026-01-02,2.7,Cash,East Coast
4098,jeans,1600,2026-01-02,3.5,Credit Card,West Coast
3970,shirt,3000,2026-01-02,2.7,Cash,West Coast
4014,jeans,1500,2026-01-03,2.8,Cash,East Coast
4062,shirt,1900,2026-01-03,2.7,Credit Card,East Coast
4014,jeans,1500,2026-01-03,2.8,Cash,West Coast
4062,shirt,1900,2026-01-03,2.7,Credit Card,West Coast
4100,jeans,2300,2026-01-04,4.1,Credit Card,East Coast
4029,shirt,2000,2026-01-04,3.8,Credit Card,East Coast
4100,jeans,2300,2026-01-04,4.1,Credit Card,West Coast
4029,shirt,2000,2026-01-04,3.8,Credit Card,West Coast
4009,jeans,500,2026-01-05,1.9,Credit Card,East Coast
4004,shirt,2300,2026-01-05,3.9,Credit Card,East Coast
4009,jeans,500,2026-01-05,1.9,Credit Card,West Coast
4004,shirt,2300,2026-01-05,3.9,Credit Card,West Coast
4040,jeans,2600,2026-01-06,3.4,Cash,East Coast
4120,shirt,1100,2026-01-06,4.0,Credit Card,East Coast
4040,jeans,2600,2026-01-06,3.4,Cash,West Coast
4120,shirt,1100,2026-01-06,4.0,Credit Card,West Coast
3967,jeans,2000,2026-01-07,2.5,Credit Card,East Coast
4060,shirt,2400,2026-01-07,1.7,Cash,East Coast
3967,jeans,2000,2026-01-07,2.5,Credit Card,West Coast
4060,shirt,2400,2026-01-07,1.7,Cash,West Coast
4040,jeans,1100,2026-01-08,4.6,Cash,East Coast
4000,shirt,2100,2026-01-08,4.3,Cash,East Coast
4040,jeans,1100,2026-01-08,4.6,Cash,West Coast
4000,shirt,2100,2026-01-08,4.3,Cash,West Coast
4073,jeans,1000,2026-01-09,3.0,Credit Card,East Coast
4017,shirt,200,2026-01-09,3.3,Credit Card,East Coast
4073,jeans,1000,2026-01-09,3.0,Credit Card,West Coast
4017,shirt,200,2026-01-09,3.3,Credit Card,West Coast
4090,jeans,2000,2026-01-10,4.2,Cash,East Coast
3975,shirt,2200,2026-01-10,3.7,Credit Card,East Coast
4090,jeans,2000,2026-01-10,4.2,Cash,West Coast
3975,shirt,2200,2026-01-10,3.7,Credit Card,West Coast
4021,jeans,300,2026-01-11,2.1,Cash,East Coast
4109,shirt,1100,2026-01-11,2.8,Cash,East Coast
4021,jeans,300,2026-01-11,2.1,Cash,West Coast
4109,shirt,1100,2026-01-11,2.8,Cash,West Coast
4005,jeans,800,2026-01-12,2.0,Cash,East Coast
4108,shirt,2200,2026-01-12,1.8,Cash,East Coast
4005,jeans,800,2026-01-12,2.0,Cash,West Coast
4108,shirt,2200,2026-01-12,1.8,Cash,West Coast
